구분,기업명,분류,시도
1,건강보험심사평가원,공공기관,강원
2,교보생명보험㈜,대기업,서울
3,국민건강보험공단,공공기관,강원
4,국민연금공단,공공기관,전북
5,한국농수산식품유통공사,공공기관,전남
6,(주)대웅제약,대기업,서울
7,유한킴벌리,대기업,서울
8,인천국제공항공사,공공기관,인천
9,제주국제자유도시개발센터,공공기관,제주
10,롯데쇼핑㈜,대기업,서울
11,매일유업(주),대기업,서울
12,아시아나항공㈜,대기업,서울
13,에스케이하이닉스 주식회사,대기업,경기
14,㈜한미글로벌건축사사무소,대기업,서울
15,경은산업(주),중소기업,부산
16,㈜삼광,대기업,경북
17,주식회사 동화세상에듀코,중소기업,서울
18,기술신용보증기금,공공기관,부산
19,한국남부발전주식회사,공공기관,부산
20,한국수자원공사,공공기관,대전
21,한국정보화진흥원,공공기관,대구
22,한국중부발전㈜,공공기관,충남
23,(주)LG 유플러스,대기업,서울
24,한국애보트(주),대기업,서울
25,주식회사 케이티,대기업,경기
26,경남에너지(주),대기업,경남
27,(주)대건테크,중소기업,경남
28,(주)솜피,대기업,경기
29,신화철강㈜,중소기업,경남
30,해피브릿지 협동조합,중소기업,서울
31,서울특별시 강남구청,공공기관,서울
32,국립공원관리공단,공공기관,서울
33,서울특별시 성동구청,공공기관,서울
34,서울특별시 송파구청,공공기관,서울
35,신용보증기금,공공기관,대구
36,예금보험공사,공공기관,서울
37,한국농어촌공사,공공기관,전남
38,한국동서발전㈜,공공기관,울산
39,한국보건복지인력개발원,공공기관,충북
40,한국철도공사,공공기관,대전
41,㈜경동도시가스,대기업,울산
42,㈜엔에스쇼핑,대기업,경기
43,동아오츠카주식회사,대기업,경기
44,롯데쇼핑㈜롯데시네마,대기업,서울
45,메리츠화재해상보험 주식회사,대기업,서울
46,㈜바텍,대기업,경기
47,삼성화재해상보험㈜,대기업,서울
48,㈜세아에삽,대기업,경남
49,㈜세아제강,대기업,서울
50,㈜엔투비,대기업,서울
51,존슨콘트롤즈오토모티브코리아㈜(애디언트코리아),대기업,경기
52,주식회사 포스코,대기업,경북
53,지에스네오텍㈜,대기업,서울
54,코오롱인더스트리㈜,대기업,경기
55,푸르덴셜생명보험㈜,대기업,서울
56,한국릴리 유한회사,대기업,서울
57,한국아이비엠㈜,대기업,서울
58,주식회사 한독,대기업,서울
59,㈜한솔홈데코,대기업,서울
60,주식회사 골프존유원홀딩스,대기업,서울
61,㈜네이처텍,중소기업,충북
62,(주)디알 액시온,중소기업,부산
63,㈜동화엔텍,대기업,부산
64,메리케이코리아 유한회사,중소기업,서울
65,㈜바이저,중소기업,경남
66,비아이피주식회사,중소기업,부산
67,주식회사 비투엔,중소기업,서울
68,㈜에스엠컬쳐앤콘텐츠,중소기업,서울
69,㈜산호수출포장,중소기업,경남
70,선일금고제작,중소기업,경기
71,㈜신라명과,중소기업,경기
72,㈜애드맨,중소기업,서울
73,㈜에스에이테크,중소기업,경남
74,㈜잉카엔트웍스,중소기업,서울
75,㈜익산하이테크,중소기업,전북
76,천호식품주식회사,중소기업,부산
77,파나소닉코리아주식회사,중소기업,서울
78,프렉스에어코리아㈜,대기업,서울
79,(재)한국의학연구소,대기업,서울
80,한화제약㈜,중소기업,서울
81,경기도 수원시청,공공기관,경기
82,경기도 안산시청,공공기관,경기
83,경인지방통계청,공공기관,경기
84,광주광역시 남구청,공공기관,광주
85,광주광역시 북구청,공공기관,광주
86,광주광역시청,공공기관,광주
87,국가핵융합연구소,공공기관,대전
88,국립암센터,공공기관,경기
89,국립재활원,공공기관,서울
90,국방과학연구소,공공기관,대전
91,대한적십자사,공공기관,서울
92,보건복지부,공공기관,세종
93,부산광역시청,공공기관,부산
94,부산교통공사,공공기관,부산
95,사립학교교직원연금공단,공공기관,전남
96,서울특별시 강동구청,공공기관,서울
97,서울특별시 금천구청,공공기관,서울
98,서울특별시 노원구청,공공기관,서울
99,서울특별시 여성가족재단,공공기관,서울
100,서울특별시 종로구청,공공기관,서울
101,서울특별시강동구도시관리공단,공공기관,서울
102,재단법인 한국연구재단,공공기관,대전
103,재단법인 충북테크노파크,공공기관,충북
104,중소기업진흥공단,공공기관,경남
105,충청남도청,공공기관,충남
106,한국관광공사,공공기관,강원
107,한국남동발전㈜,공공기관,경남
108,한국마사회,공공기관,경기
109,사회보장정보원,공공기관,서울
110,한국보건산업진흥원,공공기관,충북
111,한국보훈복지의료공단,공공기관,강원
112,한국산업인력공단,공공기관,울산
113,한국서부발전주식회사,공공기관,충남
114,한국수력원자력㈜,공공기관,경북
115,한전원자력연료㈜,공공기관,대전
116,(재)한국장학재단,공공기관,대구
117,한국전력공사,공공기관,전남
118,한국주택금융공사,공공기관,부산
119,한국청소년상담복지개발원,공공기관,부산
120,한국청소년활동진흥원,공공기관,서울
121,(주)넥슨네트웍스,대기업,제주
122,듀폰코리아 주식회사,대기업,서울
123,롯데쇼핑(주)롯데마트,대기업,서울
124,서울도시가스(주),대기업,서울
125,스태츠 칩팩코리아,대기업,인천
126,㈜신세계푸드,대기업,서울
127,㈜씨제이오쇼핑,대기업,서울
128,아시아나에어포트㈜,대기업,서울
129,SK이노베이션㈜,대기업,서울
130,LG Display,대기업,서울
131,이랜드월드,대기업,서울
132,코웨이㈜,대기업,충남
133,포스코에너지,대기업,서울
134,풀무원식품 주식회사,대기업,서울
135,(사)한국선급,대기업,부산
136,한국지엠,대기업,인천
137,한국피앤지판매 유한회사,대기업,서울
138,현대C&R㈜,대기업,서울
139,동남특수강㈜,중소기업,경남
140,동양종합식품주식회사,중소기업,경북
141,㈜리한,대기업,경기
142,㈜미래컴퍼니,중소기업,경기
143,㈜박스터,대기업,서울
144,365병원,중소기업,경남
145,주식회사 엔에프,중소기업,부산
146,㈜원진엠앤티,중소기업,부산
147,주식회사 코스틸,대기업,서울
148,한국오츠카제약주식회사,대기업,서울
149,경상남도 양산시,공공기관,경남
150,관악구시설관리공단,공공기관,서울
151,광주광역시 광산구청,공공기관,광주
152,(재)광주 광주여성재단,공공기관,광주
153,광주광역시 동구청,공공기관,광주
154,광주광역시 서구청,공공기관,광주
155,광주 광주도시철도공사,공공기관,광주
156,대구광역시 달서구청,공공기관,대구
157,대전광역시 서구청,공공기관,대전
158,대전광역시 유성구청,공공기관,대전
159,한국국토정보공사,공공기관,전북
160,부산광역시 중구청,공공기관,부산
161,부산도시공사,공공기관,부산
162,부산시설공단,공공기관,부산
163,부산여성가족개발원,공공기관,부산
164,부산지방공단스포원,공공기관,부산
165,서울올림픽기념국민체육진흥공단,공공기관,서울
166,서울특별시 서대문구청,공공기관,서울
167,안양시시설관리공단,공공기관,경기
168,경기도 안양시청,공공기관,경기
169,여수광양항만공사,공공기관,전남
170,오산시시설관리공단,공공기관,경기
171,우체국금융개발원,공공기관,서울
172,의정부시 시설관리공단,공공기관,경기
173,인천광역시 부평구청,공공기관,인천
174,인천항만공사,공공기관,인천
175,전라북도 익산시청,공공기관,전북
176,제주특별자치도청,공공기관,제주
177,충청남도 당진시청,공공기관,충남
178,충청남도 천안시청,공공기관,충남
179,한국감정원,공공기관,대구
180,한국과학기술연구원,공공기관,서울
181,한국과학창의재단,공공기관,서울
182,한국교육학술정보원,공공기관,대구
183,한국방송공사,공공기관,서울
184,한국보건의료인국가시험원,공공기관,서울
185,한국석유공사,공공기관,울산
186,한국예탁결제원,공공기관,부산
187,한국원자력안전기술원,공공기관,대전
188,(재)한국장애인개발원,공공기관,서울
189,한국전력거래소,공공기관,전남
190,한국전력기술㈜,공공기관,경북
191,한국지역난방공사,공공기관,경기
192,한국지질자원연구원,공공기관,대전
193,한국천문연구원,공공기관,대전
194,한국한의학연구원,공공기관,대전
195,㈜교보문고,대기업,경기
196,엠플러스에프엔씨㈜,중소기업,강원
197,금호고속㈜,대기업,광주
198,대성에너지㈜,대기업,대구
199,도시바일렉트로닉스코리아㈜,대기업,서울
200,롯데로지스틱스㈜,대기업,서울
201,롯데지알에스 주식회사,대기업,서울
202,롯데정보통신㈜,대기업,서울
203,롯데카드 주식회사,대기업,서울
204,롯데푸드㈜,대기업,서울
205,㈜호텔롯데,대기업,서울
206,㈜호텔롯데 롯데면세점,대기업,서울
207,주식회사 벡스코,공공기관,부산
208,㈜부산은행,대기업,부산
209,롯데비피화학㈜,대기업,서울
210,삼성선물㈜,대기업,서울
211,삼성전기㈜,대기업,경기
212,삼성전자㈜,대기업,경기
213,롯데정밀화학㈜,대기업,울산
214,코닝정밀소재주식회사,대기업,충남
215,한화에어로스페이스㈜,대기업,경남
216,삼성에스디아이㈜,대기업,경기
217,삼성에스디에스㈜,대기업,서울
218,㈜서원유통,대기업,부산
219,㈜신한서브,중소기업,서울
220,㈜신한은행,대기업,서울
221,애경산업㈜,대기업,서울
222,에스케이브로드밴드주식회사,대기업,서울
223,에쓰-오일(S-OIL)㈜,대기업,서울
224,㈜우리은행,대기업,서울
225,㈜우진산전,대기업,충북
226,㈜제이앤비컨설팅,중소기업,서울
227,케이비생명보험 주식회사,대기업,서울
228,㈜코리아세븐,대기업,서울
229,㈜포스코건설,대기업,경북
230,주식회사 하나금융지주,대기업,서울
231,주식회사 하나은행,대기업,서울
232,㈜한국고용정보,대기업,강원
233,㈜한솔교육,대기업,서울
234,㈜한화,대기업,서울
235,한화손해사정 주식회사,대기업,서울
236,한화케미칼㈜,대기업,서울
237,한화호텔앤드리조트㈜,대기업,서울
238,㈜호텔신라,대기업,서울
239,효성ITX㈜,대기업,서울
240,주식회사 씨제이헬로비전,대기업,서울
241,에스케이텔레콤㈜,대기업,서울
242,주식회사 EG,대기업,충남
243,주식회사그랜드,중소기업,강원
244,주식회사기전사,중소기업,인천
245,농업회사법인주식회사 금돈,중소기업,강원
246,㈜아리네트웍스,중소기업,서울
247,사단법인늘푸름 늘푸름보호작업장,중소기업,서울
248,대신통신기술㈜,중소기업,서울
249,㈜대열보일러,중소기업,경기
250,㈜덕산코트랜,중소기업,대구
251,주식회사 델리팜,중소기업,서울
252,(합자회사) 동양아이텍,중소기업,강원
253,주식회사 디 엔 비,중소기업,경기
254,㈜떡파는사람들,중소기업,대구
255,주식회사 명문코리아,중소기업,서울
256,㈜모든테크,중소기업,경기
257,사단법인 문화프로덕션 도모,중소기업,강원
258,벡톤디킨슨코리아 주식회사,대기업,서울
259,범일산업㈜,중소기업,인천
260,부건비엠㈜,중소기업,서울
261,부산의용촌 GNT,중소기업,부산
262,브니엘네이처주식회사,중소기업,인천
263,비타민하우스㈜,중소기업,광주
264,주식회사삼영이앤티,중소기업,대구
265,주식회사삼진보안,중소기업,대구
266,㈜트라비스엘리베이터,중소기업,경기
267,㈜서울에프엔비,중소기업,강원
268,주식회사선재하이테크,중소기업,부산
269,세계실업㈜,중소기업,대구
270,세계유압,중소기업,경남
271,㈜센텍코리아,중소기업,경기
272,주식회사 솔트룩스,중소기업,서울
273,시스트로닉스㈜,중소기업,경기
274,㈜신진도아스,중소기업,경기
275,㈜아이패밀리에스씨,중소기업,서울
276,암페놀커머셜인터커넥트코리아㈜,대기업,경기
277,사회복지법인 삼육재단 에덴노인전문요양센터,공공기관,경기
278,주식회사 에싸,중소기업,경북
279,㈜에이텍,중소기업,경기
280,엘에스웨어㈜,중소기업,서울
281,㈜영창기업,중소기업,경남
282,㈜우리별,중소기업,경기
283,㈜이너트론,중소기업,인천
284,이스트힐㈜,중소기업,강원
285,이지웰페어 주식회사,중소기업,서울
286,주식회사 인피닉,중소기업,서울
287,일신전자통신㈜,중소기업,경기
288,㈜제로투세븐,대기업,서울
289,제천운수㈜,중소기업,충북
290,㈜중외정보기술,중소기업,서울
291,주식회사 참고을,중소기업,전북
292,주식회사 청해진수산,중소기업,전남
293,㈜케이포엠,중소기업,서울
294,㈜코마스,대기업,서울
295,㈜티에스케이,중소기업,경기
296,주식회사포웰,중소기업,경북
297,주식회사 피티엠에스,중소기업,서울
298,하지공업㈜,중소기업,경기
299,한국애브비 주식회사,중소기업,서울
300,한성아이엘에스주식회사,중소기업,경남
301,해암테크㈜,중소기업,경남
302,㈜현대호이스트,중소기업,충남
303,㈜현보,중소기업,충남
304,현항공산업㈜,중소기업,부산
305,㈜활기찬중부관광,중소기업,경기
306,㈜GBSTYLE,중소기업,서울
307,가평군시설관리공단,공공기관,경기
308,경기관광공사,공공기관,경기
309,경상북도청,공공기관,경북
310,공무원연금공단,공공기관,제주
311,광주광역시도시공사,공공기관,광주
312,한국교통안전공단,공공기관,경북
313,서울특별시 구로구시설관리공단,공공기관,서울
314,구미시설공단,공공기관,경북
315,경상북도 구미시청,공공기관,경북
316,국가기상위성센터,공공기관,충북
317,국가평생교육진흥원,공공기관,서울
318,경기도 군포시청,공공기관,경기
319,그랜드코리아레저㈜,공공기관,서울
320,근로복지공단,공공기관,울산
321,김대중컨벤션센터,공공기관,광주
322,경상남도 김해시청,공공기관,경남
323,경기도 남양주시청,공공기관,경기
324,충청남도 논산시청,공공기관,충남
325,농림수산식품교육문화정보원,공공기관,세종
326,농림식품기술기획평가원,공공기관,경기
327,대구광역시 남구청,공공기관,대구
328,대구도시철도공사,공공기관,대구
329,대구광역시청,공공기관,대구
330,대전광역시청,공공기관,대전
331,대전광역시 중구청,공공기관,대전
332,주택도시보증공사,공공기관,부산
333,도로교통공단,공공기관,강원
334,서울특별시 동대문구청,공공기관,서울
335,부산항만공사,공공기관,부산
336,부산환경공단,공공기관,부산
337,부천도시공사,공공기관,경기
338,산림청,공공기관,대전
339,충청남도 서산시청,공공기관,충남
340,(재)서울디자인재단,공공기관,서울
341,서울신용보증재단,공공기관,서울
342,서울특별시청,공공기관,서울
343,서울특별시노원구서비스공단,공공기관,서울
344,서울특별시농수산식품공사,공공기관,서울
345,재단법인 서울산업진흥원,공공기관,서울
346,서울특별시서대문구도시관리공단,공공기관,서울
347,서울특별시은평구시설관리공단,공공기관,서울
348,선박안전기술공단,공공기관,세종
349,시흥시시설관리공단,공공기관,경기
350,충청남도 아산시청,공공기관,충남
351,경기도 의왕시청,공공기관,경기
352,경기도 의정부시청,공공기관,경기
353,인천광역시 남동구도시관리공단,공공기관,인천
354,인천광역시서구시설관리공단,공공기관,인천
355,재단법인 인천광역시 여성가족재단,공공기관,인천
356,재단법인 광주디자인센터,공공기관,광주
357,재단법인 전남여성플라자,공공기관,전남
358,재단법인 서울시복지재단,공공기관,서울
359,재단법인 제주테크노파크,공공기관,제주
360,제주특별자치도개발공사,공공기관,제주
361,서울특별시종로구시설관리공단,공공기관,서울
362,충청남도 청양군청,공공기관,충남
363,포천시 시설관리공단,공공기관,경기
364,(사)한국건강관리협회,공공기관,서울
365,한국공항공사,공공기관,서울
366,한국광물자원공사,공공기관,강원
367,한국국제교류재단,공공기관,서울
368,한국기계연구원,공공기관,대전
369,재단법인 한국노인인력개발원,공공기관,경기
370,한국도로공사,공공기관,경북
371,한국무역보험공사,공공기관,서울
372,한국문화예술위원회,공공기관,전남
373,한국방송광고진흥공사,공공기관,서울
374,한국보건의료연구원,공공기관,서울
375,재단법인 한국우편사업진흥원,공공기관,서울
376,한국원자력환경공단,공공기관,경북
377,한국인터넷진흥원,공공기관,서울
378,한국전자통신연구원,공공기관,대전
379,한국조폐공사,공공기관,대전
380,한국표준과학연구원,공공기관,대전
381,한국해양과학기술원,공공기관,경기
382,한국화학연구원,공공기관,대전
383,한국환경공단,공공기관,인천
384,해양환경관리공단,공공기관,서울
385,서울주택도시공사,공공기관,서울
386,㈜경기화성바이오밸리,대기업,경기
387,㈜광주신세계,대기업,광주
388,금호터미널 주식회사,대기업,광주
389,기아자동차㈜,대기업,서울
390,㈜김해테크노밸리,대기업,경남
391,(주)대구은행,대기업,대구
392,동두천드림파워㈜,대기업,경기
393,㈜동성화학,대기업,부산
394,㈜동원에프앤비,대기업,서울
395,롯데제과㈜,대기업,서울
396,롯데케미칼 주식회사,대기업,서울
397,보령메디앙스㈜,대기업,서울
398,부일정보링크㈜,중소기업,부산
399,삼성생명서비스손해사정㈜,대기업,서울
400,삼익THK(주),대기업,대구
401,샘표식품(주),대기업,서울
402,㈜선진,대기업,서울
403,㈜스타벅스커피 코리아,대기업,서울
404,신세계건설㈜,대기업,서울
405,(주)신세계아이앤씨,대기업,서울
406,㈜신세계엘앤비,대기업,서울
407,㈜신세계인터내셔날,대기업,서울
408,㈜신세계조선호텔,대기업,서울
409,씨제이대한통운㈜,대기업,서울
410,CJ CGV㈜,대기업,서울
411,씨제이이앤엠 주식회사,대기업,서울
412,씨제이제일제당㈜,대기업,서울
413,씨제이 푸드빌㈜,대기업,서울
414,씨제이프레시웨이㈜,대기업,경기
415,㈜에스에이엠티,대기업,서울
416,SK루브리컨츠 주식회사,대기업,서울
417,에이에스엠엘코리아㈜,대기업,경기
418,에코시스템㈜,대기업,경남
419,엘에스니꼬 동제련 주식회사,대기업,울산
420,엘에스메탈 주식회사,대기업,서울
421,엘에스산전㈜,대기업,경기
422,엘에스엠트론㈜,대기업,경기
423,㈜엘지생활건강,대기업,서울
424,엘지이노텍㈜,대기업,서울
425,주식회사 한국코퍼레이션,대기업,서울
426,주식회사 예스코,대기업,서울
427,㈜웅진씽크빅,대기업,경기
428,㈜원익머트리얼즈,대기업,충북
429,㈜윌앤비전,중소기업,서울
430,주식회사 유세스파트너스,대기업,서울
431,㈜이노션,대기업,서울
432,㈜이마트,대기업,서울
433,㈜제주항공,대기업,제주
434,㈜케이티씨에스,대기업,대전
435,㈜파리크라상,대기업,경기
436,㈜포스메이트,대기업,서울
437,주식회사 포스코휴먼스,대기업,경북
438,주식회사 하나저축은행,대기업,서울
439,㈜한화갤러리아,대기업,서울
440,㈜한화갤러리아타임월드,대기업,대전
441,현대건설(주),대기업,서울
442,현대글로비스 주식회사,대기업,서울
443,현대라이프생명보험㈜,대기업,서울
444,현대로템 주식회사,대기업,경남
445,현대모비스㈜,대기업,서울
446,현대에이치디에스㈜,대기업,서울
447,현대엔지니어링(주),대기업,서울
448,현대오토에버 주식회사,대기업,서울
449,현대자동차㈜,대기업,서울
450,현대제철 주식회사,대기업,서울
451,현대카드 주식회사,대기업,서울
452,현대캐피탈 주식회사,대기업,서울
453,현대커머셜 주식회사,대기업,서울
454,주식회사 현대케피코,대기업,경기
455,㈜호텔롯데롯데월드,대기업,서울
456,㈜가엘에스앤에스,중소기업,서울
457,㈜경도,중소기업,경남
458,경성산업,중소기업,부산
459,㈜경우시스테크,중소기업,서울
460,고려화공㈜,중소기업,부산
461,주식회사 그린켐텍,중소기업,부산
462,㈜나스콤,중소기업,충북
463,주식회사 날리지큐브,중소기업,서울
464,㈜남부식품,중소기업,경남
465,남영TECH,중소기업,경남
466,남일종합식품산업사,중소기업,부산
467,㈜네이처닉,중소기업,경기
468,㈜누비콤 ,중소기업,서울
469,㈜다림바이오텍,중소기업,경기
470,(주) 다이테크,중소기업,경남
471,주식회사 대덕테크,중소기업,대전
472,대륙테크놀로지 주식회사,중소기업,세종
473,주식회사 대성지기,중소기업,충북
474,대신정보기술㈜,중소기업,서울
475,대영이앤비㈜,중소기업,경기
476,대진식품,중소기업,전남
477,대흥에코 유한책임회사,중소기업,경기
478,대흥에코 주식회사,중소기업,서울
479,㈜델타시스템,중소기업,대전
480,농업회사법인㈜돈도담,중소기업,대전
481,동림전기 주식회사,중소기업,대전
482,㈜동성식품,중소기업,경기
483,주식회사 디아이,중소기업,강원
484,㈜동진푸드,중소기업,경기
485,동해식품㈜,중소기업,강원
486,디씨에스이엔지 주식회사,중소기업,충북
487,(주)디에이케이코리아,중소기업,충북
488,㈜디엔디리미티드,중소기업,서울
489,주식회사 디투에스,중소기업,경기
490,주식회사 랩죤,중소기업,대전
491,주식회사 마루이엔지,중소기업,대전
492,마이크로인스펙션㈜,중소기업,서울
493,마이크로큐닉스㈜,중소기업,서울
494,만구수산㈜,중소기업,경남
495,㈜매드포스터디,중소기업,서울
496,㈜피씨지,중소기업,서울
497,주식회사 메이아이,중소기업,대전
498,㈜메타바이오메드 ,중소기업,충북
499,(유)목양,중소기업,충남
500,㈜미애부,중소기업,경기
501,㈜미정,중소기업,경북
502,주식회사 바이로봇,중소기업,경기
503,㈜반도기전,중소기업,충남
504,범한산업㈜,중소기업,경남
505,벨정보㈜,중소기업,대구
506,㈜복천식품,중소기업,경기
507,㈜봄내,중소기업,강원
508,㈜부산어묵,중소기업,경남
509,주식회사 비비테크,중소기업,경기
510,주식회사 비에스,중소기업,부산
511,주식회사 비티씨,중소기업,경기
512,주식회사 산엔지니어링,중소기업,경기
513,삼건세기㈜,중소기업,경남
514,삼성유리공업㈜,중소기업,경북
515,주식회사 삼성종합관리,중소기업,인천
516,㈜삼우아이엠씨,중소기업,강원
517,㈜삼육수산,중소기업,충남
518,상일제과 주식회사,중소기업,강원
519,샬롬산업㈜,중소기업,전남
520,㈜서울식품,중소기업,강원
521,㈜서원푸드,중소기업,경북
522,㈜성광옵틱,중소기업,경북
523,성원물산,중소기업,전남
524,주식회사 세라트,중소기업,경기
525,세미크론㈜,중소기업,경기
526,세원테크 주식회사,중소기업,충북
527,㈜소만사,중소기업,서울
528,㈜소프트기획,중소기업,부산
529,㈜신성사,중소기업,경남
530,농업회사법인신양종합식품 주식회사,중소기업,충북
531,신일종합시스템㈜,중소기업,서울
532,㈜신화아이티,중소기업,충북
533,㈜신흥농산,중소기업,경기
534,신흥제과,중소기업,충남
535,주)10억홈피,중소기업,광주
536,주식회사 씨에이팜,중소기업,서울
537,㈜씨엠텍,중소기업,광주
538,주식회사 아누리,중소기업,서울
539,주식회사 아모센스,중소기업,충남
540,㈜아벤트코리아,중소기업,서울
541,주식회사 아산정밀,중소기업,부산
542,㈜아이디어빈스,중소기업,서울
543,㈜아이에스솔루션즈,중소기업,서울
544,㈜아이온커뮤니케이션즈,중소기업,서울
545,주식회사 알엠소프트,중소기업,서울
546,에듀하우스㈜,중소기업,서울
547,주식회사 에브리데이해피,중소기업,경기
548,㈜에스에이치페이퍼텍,중소기업,충북
549,㈜에스이이엔지,중소기업,대전
550,주식회사 에이서브,중소기업,서울
551,주식회사 에이원,중소기업,서울
552,㈜에프앤디넷,중소기업,서울
553,주식회사 엠스텍,대기업,서울
554,㈜엠쏘텍,중소기업,대전
555,엠엘씨월드카고 주식회사,중소기업,서울
556,엠일레븐커뮤니케이션㈜,중소기업,서울
557,㈜여의시스템,중소기업,경기
558,㈜연암테크,중소기업,경남
559,㈜영신특수강,중소기업,충남
560,㈜옥종합식품,중소기업,경북
561,올제텍 주식회사,중소기업,대전
562,㈜올크린,중소기업,경기
563,주식회사 와이즈웰니스,중소기업,서울
564,㈜움트리,중소기업,경기
565,주식회사 위치스,중소기업,광주
566,㈜유니베라,중소기업,서울
567,주식회사 유런하이테크,중소기업,충남
568,주식회사 유플러스시스템,중소기업,서울
569,㈜유한D&S,중소기업,제주
570,주식회사 이공감,중소기업,대전
571,주식회사 이누크리에이티브앤미디어,중소기업,서울
572,이룸디자인스킨 주식회사,중소기업,서울
573,주식회사 이모티브시앤시,중소기업,경기
574,이샘내과의원,중소기업,부산
575,㈜이에스연구소,중소기업,대전
576,㈜이엔팜,중소기업,서울
577,주식회사 이킴,중소기업,충북
578,이텍산업 주식회사,중소기업,세종
579,㈜장보고물산,중소기업,전남
580,장암칼스 주식회사,중소기업,서울
581,㈜제이에스 홀딩스,중소기업,충남
582,제이에스오토모티브㈜,중소기업,인천
583,(주)제이피엠엔지니어링,중소기업,제주
584,(유)제일물산,중소기업,전남
585,제일E&S 주식회사,중소기업,경남
586,(주)중원냉열,중소기업,경기
587,지성알미늄 주식회사,중소기업,경기
588,㈜지씨에스씨,중소기업,부산
589,㈜지엔팜,중소기업,경기
590,주식회사 지엘앤티,중소기업,경기
591,㈜진성테크,중소기업,경기
592,㈜진테크널러지,중소기업,경기
593,창원기술정공,중소기업,경남
594,주식회사 캐스트맨,중소기업,경기
595,토닉스틸㈜,중소기업,경기
596,㈜케이아이엔엑스,중소기업,서울
597,케이에스아이㈜,중소기업,경기
598,㈜코엔지,중소기업,서울
599,주식회사 크레디프,중소기업,서울
600,주식회사 클콩,중소기업,경기
601,주식회사 킹텍스,중소기업,충북
602,㈜타라그래픽스,중소기업,서울
603,㈜타이드스퀘어,중소기업,서울
604,㈜태광네트웍정보,중소기업,경기
605,태광정밀,중소기업,경기
606,㈜태림에프웰,중소기업,경기
607,태성전기㈜,중소기업,경북
608,(주)토마스 케이블,중소기업,충북
609,㈜토퍼스엔지니어링,중소기업,서울
610,주식회사 파나시아,중소기업,부산
611,주식회사 포시에스,중소기업,서울
612,㈜프라임솔루션,중소기업,경기
613,주식회사 프로바이오닉,중소기업,전북
614,주식회사 프로토타입,중소기업,서울
615,㈜플랜아이,중소기업,대전
616,주식회사 피레타,중소기업,대전
617,㈜피엘코스메틱,중소기업,인천
618,㈜필라테크,중소기업,서울
619,㈜하몬소프트,중소기업,서울
620,하안유산부인과,중소기업,충북
621,하은테크㈜,중소기업,경남
622,한국자연환경연구소㈜,중소기업,경기
623,㈜한국테크놀로지,중소기업,서울
624,㈜한국프라켐,중소기업,서울
625,농업회사법인(주)한길웰바이오,중소기업,경북
626,주식회사 한나노텍,중소기업,대전
627,주식회사 한맥식품,중소기업,경기
628,주식회사 한백냉장,중소기업,경기
629,㈜한빛코리아,중소기업,경기
630,㈜한스코리아,중소기업,인천
631,㈜한일코리아,중소기업,경기
632,해동기계공업㈜,중소기업,경남
633,헨켈홈케어코리아 유한회사,대기업,서울
634,현대산기㈜,중소기업,경남
635,주식회사 현대에스엔씨,중소기업,경남
636,홍도식품,중소기업,전남
637,㈜화인에프티,중소기업,충남
638,㈜환공식품,중소기업,경남
639,강원도 동해시청,공공기관,강원
640,강원도청,공공기관,강원
641,강화군시설관리공단,공공기관,인천
642,경기도 고양시청,공공기관,경기
643,경기도 광주시청,공공기관,경기
644,경기도 구리시청,공공기관,경기
645,경기도 김포시청,공공기관,경기
646,경기도 부천시청,공공기관,경기
647,경기도 성남시청,공공기관,경기
648,경기도 시흥시청,공공기관,경기
649,경기도 파주시청,공공기관,경기
650,경기도 포천시청,공공기관,경기
651,경기도 화성시청,공공기관,경기
652,경기도 장애인복지종합지원센터,공공기관,경기
653,경기도청,공공기관,경기
654,경상남도청,공공기관,경남
655,경상북도 포항시청,공공기관,경북
656,경상북도개발공사,공공기관,경북
657,군포시시설관리공단,공공기관,경기
658,김포도시공사,공공기관,경기
659,대구광역시 중구청,공공기관,대구
660,대전광역시 대덕구청,공공기관,대전
661,대전광역시 동구청,공공기관,대전
662,부산광역시 강서구청,공공기관,부산
663,부산광역시 금정구청,공공기관,부산
664,부산광역시 기장군청,공공기관,부산
665,부산광역시 남구청,공공기관,부산
666,부산광역시 동구청,공공기관,부산
667,부산광역시 동래구청,공공기관,부산
668,부산광역시 북구청,공공기관,부산
669,부산광역시 사상구청,공공기관,부산
670,부산광역시 사하구청,공공기관,부산
671,부산광역시 서구청,공공기관,부산
672,부산광역시 수영구청,공공기관,부산
673,부산광역시 연제구청,공공기관,부산
674,부산광역시 영도구청,공공기관,부산
675,부산광역시 부산진구청,공공기관,부산
676,부산광역시 해운대구청,공공기관,부산
677,서울특별시 강북구청,공공기관,서울
678,서울특별시강서구시설관리공단,공공기관,서울
679,서울특별시영등포구시설관리공단,공공기관,서울
680,서울특별시용산구시설관리공단,공공기관,서울
681,사단법인 서울특별시자원봉사센터,공공기관,서울
682,성북구도시관리공단,공공기관,서울
683,세종특별자치시청,공공기관,세종
684,수원도시공사,공공기관,경기
685,안산도시공사,공공기관,경기
686,양주시시설관리공단,공공기관,경기
687,연천군시설관리공단,공공기관,경기
688,영화진흥위원회,공공기관,부산
689,재단법인 오산문화재단,공공기관,경기
690,울산시설공단,공공기관,울산
691,인천광역시 계양구청,공공기관,인천
692,인천광역시 남구청,공공기관,인천
693,인천광역시부평구시설관리공단,공공기관,인천
694,인천광역시 서구청,공공기관,인천
695,인천광역시 연수구청,공공기관,인천
696,인천광역시 옹진군청,공공기관,인천
697,인천광역시 중구청,공공기관,인천
698,인천광역시청,공공기관,인천
699,전라남도 고흥군청,공공기관,전남
700,전라남도 구례군청,공공기관,전남
701,전라남도 목포시청,공공기관,전남
702,전라남도 보성군청,공공기관,전남
703,전라남도 영암군청,공공기관,전남
704,전라남도 장흥군청,공공기관,전남
705,전라남도 함평군청,공공기관,전남
706,전라남도 해남군청,공공기관,전남
707,전라남도청,공공기관,전남
708,전라북도 군산시청,공공기관,전북
709,전라북도 김제시청,공공기관,전북
710,전라북도 순창군청,공공기관,전북
711,전라남도 순천시청,공공기관,전남
712,전라북도청,공공기관,전북
713,전자부품연구원,공공기관,경기
714,전주시시설관리공단,공공기관,전북
715,제주특별자치도 서귀포시청,공공기관,제주
716,제주특별자치도 제주시청,공공기관,제주
717,중소기업은행,공공기관,서울
718,창원대학교,공공기관,경남
719,축산물품질평가원,공공기관,세종
720,충청남도 보령시청,공공기관,충남
721,충청북도청,공공기관,충북
722,충청북도 괴산군청,공공기관,충북
723,충청북도 단양군청,공공기관,충북
724,충청북도 보은군청,공공기관,충북
725,충청북도 영동군청,공공기관,충북
726,충청북도 음성군청,공공기관,충북
727,충청북도 제천시청,공공기관,충북
728,충청북도 증평군청,공공기관,충북
729,충청북도 진천군청,공공기관,충북
730,충청북도 청주시청,공공기관,충북
731,충청북도 충주시청,공공기관,충북
732,충청지방통계청,공공기관,대전
733,코레일관광개발㈜,공공기관,서울
734,파주시시설관리공단,공공기관,경기
735,(재)한국건강가정진흥원,공공기관,서울
736,한국건강증진개발원,공공기관,서울
737,한국과학기술정보연구원,공공기관,대전
738,한국국제협력단,공공기관,경기
739,한국에너지기술평가원,공공기관,서울
740,한국자산관리공사,공공기관,부산
741,한국전기안전공사,공공기관,전북
742,한국전기연구원,공공기관,경남
743,한국체육산업개발㈜,공공기관,서울
744,한국콘텐츠진흥원,공공기관,전남
745,한국해양수산연수원,공공기관,부산
746,한국화학연구원부설안전성평가연구소,공공기관,대전
747,㈜KBS N,대기업,서울
748,SK에너지㈜,대기업,서울
749,SK종합화학㈜,대기업,서울
750,SK트레이딩 인터내셔널㈜,대기업,서울
751,(학)건국대학교건국유업·건국햄,대기업,충북
752,동서식품㈜,대기업,인천
753,동희오토 주식회사,대기업,충남
754,㈜두산 글로넷바이오텍사업부,대기업,경기
755,롯데건설㈜,대기업,서울
756,롯데알미늄㈜,대기업,서울
757,롯데칠성음료㈜,대기업,서울
758,롯데하이마트㈜,대기업,서울
759,우리홈쇼핑,대기업,서울
760,㈜부산롯데호텔,대기업,부산
761,삼성바이오로직스 주식회사,대기업,인천
762,삼성카드고객서비스 주식회사,대기업,서울
763,㈜삼양사,대기업,서울
764,㈜삼양홀딩스,대기업,서울
765,서비스에이스 주식회사,대기업,서울
766,서울여자대학교,대기업,서울
767,서울우유협동조합,대기업,서울
768,에릭슨엘지 엔터프라이즈(주),대기업,경기
769,㈜에스비아이저축은행,대기업,서울
770,㈜엘아이지시스템,대기업,서울
771,㈜지엔텔,대기업,서울
772,주식회사 케이티앤지,대기업,대전
773,크레텍책임㈜,대기업,대구
774,㈜포스코아이씨티,대기업,경북
775,(주)하이텔레서비스,대기업,서울
776,㈜효성,대기업,서울
777,(재)FITI시험연구원,공공기관,서울
778,㈜SRC,중소기업,인천
779,㈜가가이엔지,중소기업,부산
780,가보테크㈜,중소기업,전북
781,주식회사 건국,중소기업,대전
782,경기화약㈜,중소기업,경기
783,경인이엔지㈜,중소기업,부산
784,경흥건업㈜,중소기업,충남
785,고려냉장식품㈜,중소기업,경남
786,주식회사 고려이노테크,중소기업,경남
787,골드레벤(Goldleben),중소기업,충북
788,㈜그린,중소기업,인천
789,㈜그린광학,중소기업,충북
790,㈜금진,중소기업,충북
791,(유)기흥모터스,중소기업,서울
792,㈜네오그라프,중소기업,서울
793,주식회사 네오팜,중소기업,대전
794,넥서스환경디자인연구원㈜,중소기업,경기
795,농심켈로그㈜,대기업,경기
796,㈜느티나무의사랑,중소기업,부산
797,다양조경개발㈜,중소기업,서울
798,㈜다원시스,중소기업,경기
799,대자인병원,중소기업,전북
800,㈜대주엔시스,중소기업,대전
801,㈜대학내일,중소기업,서울
802,㈜이우드,중소기업,충북
803,㈜데이터클립,중소기업,서울
804,㈜동화,중소기업,충북
805,두드림협동조합,중소기업,충북
806,㈜디엠텍,중소기업,대전
807,주식회사 레드아이스,중소기업,경기
808,로쏘㈜성심당,중소기업,대전
809,㈜리눅스데이타시스템,중소기업,서울
810,㈜리서치앤리서치,중소기업,서울
811,(주)마이텍,중소기업,부산
812,농업회사법인 주식회사 명도식품,중소기업,경기
813,㈜명진뉴텍,중소기업,인천
814,미성식품㈜,중소기업,강원
815,㈜미즈,중소기업,대전
816,㈜백광정밀,중소기업,경기
817,주식회사 베네핏,중소기업,서울
818,베인앤드컴퍼니코리아인크한국지점,대기업,서울
819,주식회사 부광스틸,중소기업,경남
820,㈜뷰티화장품,중소기업,충북
821,브레인즈스퀘어㈜,중소기업,서울
822,㈜비더블류씨,중소기업,부산
823,주식회사 비앤코리아,중소기업,인천
824,주식회사 비엠에스코리아,중소기업,부산
825,㈜비전바이오켐,중소기업,경기
826,주식회사 빅맨,중소기업,서울
827,㈜사람과기술,중소기업,서울
828,㈜사이버다임,중소기업,서울
829,농업회사법인 주식회사 산들본가,중소기업,충남
830,(주)산호에스엔피,중소기업,경남
831,㈜삼성금속,중소기업,경북
832,㈜삼성인더스트리,중소기업,부산
833,삼성포장,중소기업,충남
834,삼원금속공업㈜,중소기업,경기
835,삼진식품(주),중소기업,전남
836,삼해인더스트리㈜,중소기업,대구
837,주식회사 삼환티에프,중소기업,서울
838,상일식품㈜,중소기업,서울
839,주식회사 서한에프앤씨,중소기업,충북
840,선보공업㈜,중소기업,부산
841,㈜선우테크앤켐,중소기업,충북
842,(주)성원안전산업,중소기업,충북
843,㈜성진금속,중소기업,경기
844,주식회사 세경글로텍,중소기업,충북
845,세계로병원,중소기업,광주
846,주식회사 세오,중소기업,경기
847,주식회사 세윤씨앤에스,중소기업,서울
848,신송식품㈜,중소기업,서울
849,㈜신우폴리켐,중소기업,대구
850,신한EMC㈜,중소기업,경남
851,주식회사 신화엔지니어링,중소기업,경기
852,㈜싸리비,중소기업,충북
853,㈜씨알푸드,중소기업,충북
854,주식회사 씨에스테크,중소기업,충남
855,재단법인 아름다운가게,중소기업,서울
856,㈜아이앤에스,중소기업,충북
857,주식회사 아이티씨,중소기업,부산
858,주식회사 아이티위너,중소기업,서울
859,㈜아이플라이,중소기업,경기
860,㈜아즈텍WB,중소기업,부산
861,아쿠아셀㈜,중소기업,부산
862,㈜알에쓰씨(R. S. C),중소기업,대전
863,주식회사 에스비메탈,중소기업,충북
864,(주)에스엔,중소기업,대전
865,에스포항병원,중소기업,경북
866,에이엠피엠㈜,중소기업,서울
867,㈜에이원텍,중소기업,충북
868,에이제이스틸 주식회사,중소기업,경기
869,㈜에이텍시스템,중소기업,경기
870,주식회사 엔에프,중소기업,충남
871,㈜엔코스,중소기업,경기
872,㈜엘케이하이테크,중소기업,경기
873,㈜엠이테크,중소기업,경남
874,㈜엠피코,중소기업,경북
875,㈜여행박사,중소기업,서울
876,영진앵글 주식회사,중소기업,경기
877,주식회사 예스컴,중소기업,대전
878,데이타솔루션,중소기업,서울
879,㈜올콘텐츠,중소기업,경기
880,와이비엔지니어링㈜,중소기업,부산
881,주식회사 와이앤피,중소기업,대전
882,의료법인 우리아이들의료재단 우리아이들병원,공공기관,서울
883,㈜우리집식품,중소기업,경기
884,㈜우진기전,중소기업,충북
885,원명에스티에스㈜,중소기업,경기
886,원스탑 주식회사,중소기업,경남
887,㈜위드팜,대기업,서울
888,㈜위성안테나전자,중소기업,부산
889,주식회사 윈미디텍,중소기업,서울
890,㈜윈탑,중소기업,충남
891,㈜이브이레이저,중소기업,경기
892,㈜유미테크,중소기업,대전
893,유성씨엔에프㈜,중소기업,강원
894,㈜유유엔,중소기업,세종
895,㈜유유제약,중소기업,충북
896,유진하이테크㈜,중소기업,경남
897,㈜이엔씨기술,중소기업,서울
898,주식회사 이엠시스텍,중소기업,부산
899,㈜이지티,중소기업,대전
900,㈜이크레더블,대기업,서울
901,농업회사법인 유한회사 일품김치,중소기업,경기
902,주식회사 인사이드정보,중소기업,서울
903,㈜인코칭,중소기업,서울
904,㈜임진강김치,중소기업,경기
905,㈜자유투어,중소기업,경기
906,㈜정우식품,중소기업,경남
907,제너럴바이오㈜,중소기업,전북
908,제노,중소기업,부산
909,신영정밀㈜,중소기업,충북
910,제일휴먼스,중소기업,서울
911,(주)제천교통,중소기업,충북
912,㈜줌테크,중소기업,충북
913,지구환경㈜,중소기업,전남
914,지아이오토메이션㈜,중소기업,대전
915,(주)지엘켐,중소기업,대전
916,주식회사 지엠홀딩스,중소기업,서울
917,㈜창일,중소기업,대구
918,㈜카운텍,중소기업,경기
919,켄코아 에어로스페이스㈜,중소기업,경남
920,코델리커피,중소기업,경기
921,주식회사 코드원,중소기업,경남
922,코리아에프티㈜,대기업,경기
923,주식회사 코아아이티,중소기업,충북
924,주식회사 코텍,중소기업,경남
925,주식회사 크린,중소기업,강원
926,㈜태성산업,중소기업,경기
927,태양농산㈜,중소기업,충북
928,주식회사 태희조경개발,중소기업,전남
929,탱크테크㈜,중소기업,부산
930,주식회사 테크프러스,중소기업,서울
931,㈜트래블러스맵,중소기업,서울
932,주식회사 팜클,중소기업,경기
933,주식회사 펜타브리드,중소기업,서울
934,포샤르치과병원,중소기업,서울
935,주식회사 포유네트웍스,중소기업,서울
936,풍원화학(주),중소기업,경기
937,㈜피오디커뮤니케이션즈,중소기업,서울
938,㈜피유시스,중소기업,경기
939,필즈엔지니어링㈜,중소기업,서울
940,㈜하나주방종합가구,중소기업,충북
941,농업회사법인 하늘땅 주식회사,중소기업,충남
942,㈜하우,중소기업,대전
943,㈜하우앳,중소기업,충북
944,㈜하이텍산업개발,중소기업,전남
945,㈜하이푸드텍,중소기업,충남
946,㈜한국로슈,대기업,서울
947,㈜한국리서치,중소기업,서울
948,(유)한국비엠에스제약,대기업,서울
949,한국씨앤오테크㈜,중소기업,경북
950,한라IMS㈜,중소기업,부산
951,㈜한맥푸드,중소기업,경기
952,농업회사법인 한살림축산식품 유한회사,중소기업,충북
953,㈜한텍테크놀로지,중소기업,울산
954,해전산업㈜,중소기업,전북
955,㈜해피블라썸,중소기업,서울
956,주식회사 향미원,중소기업,전북
957,㈜헤럴드,중소기업,서울
958,㈜헤즈,중소기업,서울
959,홍덕보안시스템,중소기업,충남
960,㈜휴넷,중소기업,서울
961,주식회사 휴온스,대기업,경기
962,사회복지법인 가정복지회,공공기관,대구
963,강원도 강릉시청,공공기관,강원
964,강원도 영월군청,공공기관,강원
965,강원도 원주시청,공공기관,강원
966,강원도 인제군청,공공기관,강원
967,강원도 정선군청,공공기관,강원
968,강원도 평창군청,공공기관,강원
969,강원도 횡성군청,공공기관,강원
970,게임물관리위원회,공공기관,부산
971,경기도 동두천시청,공공기관,경기
972,경기도 양주시청,공공기관,경기
973,경기도 양평군청,공공기관,경기
974,경기도 여주시청,공공기관,경기
975,경기도 연천군청,공공기관,경기
976,경기도 오산시청,공공기관,경기
977,경기도 용인시청,공공기관,경기
978,경기도 이천시청,공공기관,경기
979,경기도 평택시청,공공기관,경기
980,재단법인 경기복지재단,공공기관,경기
981,경상남도 거제시청,공공기관,경남
982,경상남도 거창군청,공공기관,경남
983,경상남도 고성군청,공공기관,경남
984,경상남도 남해군청,공공기관,경남
985,경상남도 사천시청,공공기관,경남
986,경상남도 산청군청,공공기관,경남
987,경상남도 의령군청,공공기관,경남
988,경상남도 창녕군청,공공기관,경남
989,경상남도 하동군청,공공기관,경남
990,경상남도 함안군청,공공기관,경남
991,경상북도 영주시청,공공기관,경북
992,재단법인 광주광역시 광주문화재단,공공기관,광주
993,광주신용보증재단,공공기관,광주
994,국가보안기술연구소,공공기관,대전
995,국립중앙의료원,공공기관,서울
996,국민건강보험공단 일산병원,공공기관,서울
997,국방기술품질원,공공기관,경남
998,노사발전재단,공공기관,서울
999,농업기술실용화재단,공공기관,경기
1000,재단법인 대구경북디자인센터,공공기관,대구
1001,대구광역시 동구청,공공기관,대구
1002,대구광역시 서구청,공공기관,대구
1003,대전광역시시설관리공단,공공기관,대전
1004,동대문시설관리공단,공공기관,서울
1005,재단법인 부산광역시국제교류재단,공공기관,부산
1006,(재)부산발전연구원,공공기관,부산
1007,재단법인 부산복지개발원,공공기관,부산
1008,부산신용보증재단,공공기관,부산
1009,재단법인 부산영어방송재단,공공기관,부산
1010,재단법인 부산정보산업진흥원,공공기관,부산
1011,재단법인 부산테크노파크,공공기관,부산
1012,서울특별시 강서구청,공공기관,서울
1013,서울특별시 서초구청,공공기관,서울
1014,서울특별시 은평구청,공공기관,서울
1015,성남도시개발공사,공공기관,경기
1016,성남시청소년재단,공공기관,경기
1017,(재)영화의전당,공공기관,부산
1018,재단법인 용인문화재단,공공기관,경기
1019,울산항만공사,공공기관,울산
1020,의왕도시공사,공공기관,경기
1021,인천광역시 강화군청,공공기관,인천
1022,인천광역시계양구시설관리공단,공공기관,인천
1023,인천광역시 남동구청,공공기관,인천
1024,인천광역시 동구청,공공기관,인천
1025,인천시설공단,공공기관,인천
1026,전라남도 강진군청,공공기관,전남
1027,전라남도 곡성군청,공공기관,전남
1028,전라남도 광양시청,공공기관,전남
1029,전라남도 여수시청,공공기관,전남
1030,전라남도 장성군청,공공기관,전남
1031,전라남도 진도군청,공공기관,전남
1032,전라북도 전주시청,공공기관,전북
1033,중랑구시설관리공단,공공기관,서울
1034,사단법인 창업진흥원,공공기관,대전
1035,천안시시설관리공단,공공기관,충남
1036,충북개발공사,공공기관,충북
1037,충청남도 금산군청,공공기관,충남
1038,충청남도평생교육진흥원,공공기관,충남
1039,충청남도 홍성군청,공공기관,충남
1040,충청북도 옥천군청,공공기관,충북
1041,한국가스공사,공공기관,대구
1042,한국건설기술연구원,공공기관,경기
1043,한국기상산업진흥원,공공기관,서울
1044,한국기초과학지원연구원,공공기관,대전
1045,재단법인 한국만화영상진흥원,공공기관,경기
1046,(재)한국보육진흥원,공공기관,서울
1047,한국산업기술평가관리원,공공기관,대구
1048,한국산업단지공단,공공기관,대구
1049,한국산업안전보건공단,공공기관,울산
1050,한국생산기술연구원,공공기관,충남
1051,한국소비자원,공공기관,충북
1052,한국에너지기술연구원,공공기관,대전
1053,한국임업진흥원,공공기관,서울
1054,한국장애인고용공단,공공기관,경기
1055,한국철도시설공단,공공기관,대전
1056,한전케이디엔㈜,공공기관,전남
1057,행정안전부,공공기관,서울
1058,화성도시공사,공공기관,경기
1059,㈜경남은행,대기업,경남
1060,공우이엔씨㈜,대기업,서울
1061,주식회사 그린바이로,대기업,경북
1062,㈜대홍기획,대기업,서울
1063,동부씨앤에스자동차손해사정㈜,대기업,서울
1064,동아제약㈜,대기업,서울
1065,동화약품㈜,대기업,서울
1066,㈜롯데닷컴,대기업,서울
1067,롯데렌탈㈜,대기업,경기
1068,롯데멤버스 주식회사,대기업,서울
1069,롯데물산㈜,대기업,서울
1070,롯데손해보험주식회사,대기업,서울
1071,롯데쇼핑㈜롯데슈퍼,대기업,서울
1072,롯데엠알시 주식회사,대기업,충남
1073,롯데자산개발㈜,대기업,서울
1074,롯데캐피탈㈜,대기업,서울
1075,메리츠자산운용 주식회사,대기업,서울
1076,벽산엔지니어링㈜,대기업,경기
1077,㈜비상교육,대기업,서울
1078,주식회사 에스피씨삼립식품,대기업,경기
1079,서비스탑 주식회사,대기업,대전
1080,스카이칠십이㈜,대기업,인천
1081,㈜신세계사이먼,대기업,서울
1082,씨제이건설㈜,대기업,경기
1083,씨제이올리브네트웍스 주식회사,대기업,경기
1084,㈜아워홈,대기업,서울
1085,주식회사 아주저축은행,대기업,충북
1086,주식회사 에듀챌린지,대기업,서울
1087,㈜에뛰드,대기업,서울
1088,에어프로덕츠코리아,대기업,경기
1089,엔에이치엔엔터테인먼트 주식회사,대기업,경기
1090,㈜엠아이텍,대기업,경기
1091,㈜오뚜기,대기업,경기
1092,윌로펌프㈜,대기업,부산
1093,주식회사 유베이스,대기업,서울
1094,이데일리㈜,대기업,서울
1095,㈜이랜드서비스,대기업,서울
1096,㈜이비카드,대기업,서울
1097,자트코코리아엔지니어링㈜,대기업,서울
1098,청호나이스㈜,대기업,충북
1099,캐논코리아 비즈니스 솔루션㈜,대기업,서울
1100,티센크루프엘리베이터코리아㈜,대기업,서울
1101,㈜포스코켐텍,대기업,경북
1102,㈜피치밸리,대기업,서울
1103,㈜한국투자저축은행,대기업,경기
1104,한국후지필름㈜,대기업,서울
1105,주식회사 한솔케미칼,대기업,서울
1106,한전산업개발㈜,대기업,서울
1107,해성디에스 주식회사,대기업,경남
1108,㈜현대그린푸드,대기업,경기
1109,(주)현대백화점,대기업,서울
1110,(주)현대에이치씨엔,대기업,서울
1111,현대홈쇼핑,대기업,서울
1112,㈜AG,중소기업,충북
1113,HISOFA (하이소파),중소기업,부산
1114,MOD TECH (모드텍),중소기업,경남
1115,SH도어텍주식회사,중소기업,충북
1116,㈜가업에프씨,중소기업,서울
1117,㈜거노코퍼레이션,중소기업,서울
1118,거림환경주식회사,중소기업,부산
1119,건웅전자,중소기업,경북
1120,경성문화사,중소기업,서울
1121,주식회사경영문화연구원안김,중소기업,충북
1122,고려종합기술 주식회사,중소기업,전남
1123,㈜고려철강,중소기업,경남
1124,㈜골프존,중소기업,대전
1125,광정보통신,중소기업,대전
1126,㈜광진산업,중소기업,충남
1127,㈜광천,중소기업,전북
1128,주식회사광천원김,중소기업,충남
1129,㈜그리핀컨설팅,중소기업,서울
1130,㈜글로벌창조 ,중소기업,대구
1131,㈜금호글로벌,중소기업,인천
1132,길산파이프㈜,중소기업,충남
1133,㈜꿈꾸는콩,중소기업,충북
1134,㈜나노하이테크,중소기업,대전
1135,㈜네프코,중소기업,경기
1136,㈜녹색섬유,중소기업,서울
1137,눔코리아 주식회사,중소기업,서울
1138,뉴21커뮤니티주식회사,중소기업,전남
1139,㈜늘푸른,중소기업,경기
1140,㈜다원산업,중소기업,경기
1141,㈜다원아이씨티,중소기업,대전
1142,㈜대경엔지니어링,중소기업,제주
1143,대광전력 주식회사,중소기업,전남
1144,주식회사 대동테크,중소기업,울산
1145,㈜대명이십일,중소기업,서울
1146,㈜대산티에스티,중소기업,충북
1147,대신네트웍스㈜,중소기업,인천
1148,대신네트웍스주식회사,중소기업,전북
1149,대정소방 주식회사,중소기업,전남
1150,㈜더베러푸드,중소기업,경기
1151,주식회사 더엔진,중소기업,서울
1152,더웰피부과의원,중소기업,대전
1153,㈜더존자기,중소기업,전남
1154,주식회사 더좋은,중소기업,경기
1155,㈜도림,중소기업,충북
1156,주식회사동성아이티이,중소기업,부산
1157,㈜동신기공,중소기업,경남
1158,(유)동아미디어정보,중소기업,전남
1159,㈜동양벤드,중소기업,경기
1160,㈜동우엔지니어링,중소기업,충남
1161,주식회사 동은,중소기업,충남
1162,동탄기업주식회사,중소기업,경기
1163,주식회사 두잇아이씨티,중소기업,대전
1164,㈜듀플렉스,중소기업,경기
1165,㈜드림,중소기업,세종
1166,주식회사 드림티엔에스,중소기업,대전
1167,㈜디앤에이치아이,중소기업,충북
1168,㈜디에스티인터내셔날,중소기업,서울
1169,㈜디에이치에이치아이,중소기업,경남
1170,주식회사 디온컴즈,중소기업,대전
1171,㈜디제이테크,중소기업,세종
1172,로보웨이 주식회사,중소기업,대전
1173,㈜로코엔터테인먼트,중소기업,서울
1174,마린윌,중소기업,경기
1175,마이크로맥스 영농조합법인,중소기업,전남
1176,㈜마크로젠,중소기업,서울
1177,㈜맑은기술,중소기업,서울
1178,㈜맥스원이링크,중소기업,서울
1179,맥엔지니어링코퍼래이션,중소기업,인천
1180,㈜메씨인터내셔날,중소기업,서울
1181,㈜명정보기술,중소기업,충북
1182,주식회사 명진,중소기업,경기
1183,모루기술 주식회사,중소기업,대전
1184,문서지기㈜,중소기업,경기
1185,미가식품영농조합법인,중소기업,전남
1186,㈜미래테크원,중소기업,경남
1187,미찌푸드주식회사,중소기업,강원
1188,민들레의료복지사회적협동조합,중소기업,대전
1189,㈜바르다김선생,중소기업,서울
1190,바이시클㈜,중소기업,서울
1191,㈜박달재수련원,중소기업,충북
1192,㈜보광직물,중소기업,대구
1193,부강이엔에스㈜,중소기업,충북
1194,부경산업개발㈜,중소기업,전남
1195,㈜부산밸브,중소기업,전남
1196,㈜부여산업개발,중소기업,충남
1197,(주)비에이에너지,중소기업,광주
1198,(유)비엔에스테크,중소기업,전북
1199,주식회사 비엠에스코리아,중소기업,대전
1200,㈜비티컴퍼스,중소기업,경기
1201,㈜빅휘시커뮤니케이션즈,중소기업,서울
1202,주식회사 빛담,중소기업,충북
1203,㈜사옹원,중소기업,충북
1204,㈜산쇼코리아,중소기업,경기
1205,㈜산업진흥원,중소기업,충남
1206,삼덕상공㈜,중소기업,서울
1207,㈜삼명사,중소기업,부산
1208,삼성산업주식회사,중소기업,전남
1209,삼성엠케이,중소기업,경북
1210,㈜삼이씨앤지,중소기업,충남
1211,㈜삼진레미콘,중소기업,충남
1212,삼천산업㈜,중소기업,경남
1213,삼포상황버섯 영농조합법인,중소기업,전북
1214,㈜샘터정보기술,중소기업,경북
1215,서연테크닉스,중소기업,경기
1216,서해수산푸드㈜,중소기업,충남
1217,선진로지스틱스 주식회사,중소기업,서울
1218,주식회사 성보텍,중소기업,울산
1219,㈜성오,중소기업,강원
1220,(주)성윤티에스,중소기업,충남
1221,㈜세동,중소기업,부산
1222,세미솔테크,중소기업,충북
1223,㈜센텍,중소기업,충남
1224,㈜소프트센,중소기업,서울
1225,주식회사 솔루티스,중소기업,서울
1226,솔웍스주식회사,중소기업,경기
1227,주식회사 송원테크,중소기업,경남
1228,㈜쇼우테크,중소기업,경남
1229,(주)수림,중소기업,경남
1230,㈜수성방재,중소기업,부산
1231,주식회사 순창가족식품,중소기업,전북
1232,주식회사 스마트시티그리드,중소기업,인천
1233,(유)시원,중소기업,전북
1234,신도열기㈜,중소기업,인천
1235,신성미디어테크㈜,중소기업,서울
1236,주식회사신성플랜트,중소기업,경기
1237,신우산업관리주식회사,중소기업,서울
1238,㈜신일팜글라스,중소기업,충남
1239,신한포장㈜,중소기업,경기
1240,유한회사 싸카,중소기업,서울
1241,주식회사 썬웨이,중소기업,대전
1242,㈜씨디에스,중소기업,강원
1243,주식회사 씨세론,중소기업,서울
1244,씨알정보기술㈜,중소기업,경기
1245,㈜씨에이에스,중소기업,서울
1246,㈜씽크포비엘,중소기업,전북
1247,아름다운환경건설㈜,중소기업,경기
1248,㈜아이센트,중소기업,서울
1249,아이씨티웨이㈜,중소기업,경기
1250,주식회사아이씨푸드,중소기업,세종
1251,주식회사아이앤이,중소기업,충북
1252,주식회사 아이엔티텍,중소기업,경북
1253,㈜아이엠씨티,중소기업,경기
1254,(주)아이존옵틱,중소기업,대전
1255,(주)아이쿠우,중소기업,대전
1256,㈜아이테크,중소기업,세종
1257,아이투엠 주식회사,중소기업,대전
1258,주식회사 아진전력,중소기업,전남
1259,주식회사 아트피큐,중소기업,제주
1260,알리코제약㈜,중소기업,서울
1261,알바니인터내셔날코리아㈜,중소기업,충북
1262,㈜알볼로에프앤씨,중소기업,서울
1263,알앤알마케팅 주식회사,중소기업,서울
1264,㈜얌샘,중소기업,서울
1265,영농조합법인 양지,중소기업,전북
1266,주식회사 에르코스,중소기업,대전
1267,에스앤에스㈜,중소기업,충북
1268,주식회사 에스에스뉴테크,중소기업,경기
1269,에스제이주식회사,중소기업,전북
1270,에스피브이㈜,중소기업,경기
1271,에이케이플란트치과의원,중소기업,대전
1272,주식회사 에이티에스,중소기업,제주
1273,엔지유인터내셔날㈜,중소기업,부산
1274,엘로맥스주식회사,중소기업,전남
1275,주식회사 엘릭스,중소기업,서울
1276,㈜엘브이에스,중소기업,인천
1277,엘비휴넷 주식회사,중소기업,서울
1278,㈜엠서비스,중소기업,서울
1279,엠아이티㈜,중소기업,대전
1280,엠아이티코리아,중소기업,대전
1281,엠에스테크,중소기업,충남
1282,주식회사 엠케이,중소기업,부산
1283,주식회사 여남테크,중소기업,대구
1284,여성아이병원,중소기업,대구
1285,㈜연성기업,중소기업,충북
1286,영동레저산업㈜,중소기업,서울
1287,㈜영수식품,중소기업,충남
1288,㈜영일,중소기업,부산
1289,㈜영진에프에스,중소기업,충북
1290,영진정공,중소기업,경기
1291,㈜예그리나,중소기업,인천
1292,주식회사 예림씨엔피,중소기업,서울
1293,예쁜미소바른이치과,중소기업,부산
1294,㈜예진,중소기업,대구
1295,㈜바른손에프엠,중소기업,서울
1296,농업회사법인㈜올가니카,중소기업,충북
1297,주식회사 와이낫위노베이션,중소기업,서울
1298,주식회사 와이비네트웍스,중소기업,세종
1299,㈜우성엘앤티,중소기업,부산
1300,주식회사 우아한형제들,중소기업,서울
1301,우주엠앤이㈜,중소기업,부산
1302,노무법인웅지,중소기업,인천
1303,㈜원일식품,중소기업,충북
1304,원일컴,중소기업,부산
1305,주식회사 월드이엔씨,중소기업,경기
1306,웨스글로벌㈜,중소기업,충남
1307,웰코리아㈜,중소기업,대전
1308,웹와치 주식회사,중소기업,서울
1309,㈜위니텍,중소기업,대구
1310,주식회사 위드오,중소기업,제주
1311,유니시티코리아(유),중소기업,서울
1312,㈜유니아이비,중소기업,경기
1313,유니온라이트㈜,중소기업,서울
1314,㈜유비라인,중소기업,서울
1315,주식회사유엔콘트롤,중소기업,서울
1316,㈜유진매니지먼트,중소기업,경기
1317,유토피아 정보기술㈜,중소기업,충남
1318,㈜윤테크,중소기업,경남
1319,㈜으뜸농산,중소기업,충남
1320,(주)이노티아이에이,중소기업,대전
1321,이드원(주),중소기업,경남
1322,㈜이롬,중소기업,경기
1323,㈜이엔피텍,중소기업,경남
1324,이엔후레쉬㈜,중소기업,충남
1325,이엘치과병원,중소기업,대전
1326,주식회사 이엠에스,중소기업,대구
1327,농업회사법인이조은산소주식회사,중소기업,광주
1328,주식회사 이지서티,중소기업,서울
1329,주식회사이지테크,중소기업,충남
1330,주식회사 이테크시스템,중소기업,서울
1331,이튼인더스트리즈 유한회사,중소기업,서울
1332,인브레인,중소기업,서울
1333,주식회사 인우,중소기업,경남
1334,주식회사 인이즈,중소기업,대전
1335,주식회사 일광아이에스,중소기업,경기
1336,(유)일도엔지니어링,중소기업,전북
1337,㈜임픽스,중소기업,서울
1338,㈜잉글리시헌트,중소기업,서울
1339,유한회사자연환경이엔씨,중소기업,전남
1340,자인한의원,중소기업,전북
1341,㈜장형기업,중소기업,인천
1342,주식회사 정상산업,중소기업,충북
1343,주식회사제니컴,중소기업,대전
1344,주식회사 제이에이,중소기업,서울
1345,제일에스티㈜,중소기업,경기
1346,주식회사 제일타워,중소기업,광주
1347,㈜제주스타렌탈,중소기업,서울
1348,농업회사법인 조은종묘 주식회사,중소기업,충북
1349,주식회사 죠스푸드,중소기업,서울
1350,㈜중원씨엠에스,중소기업,전남
1351,㈜지스타기업,중소기업,충북
1352,㈜지에스더블유이엔지,중소기업,대전
1353,(주)지에프에스,중소기업,경기
1354,㈜지유테크,중소기업,충남
1355,주식회사 지인,중소기업,세종
1356,㈜진양오일씰,중소기업,대구
1357,진영전기㈜,중소기업,경남
1358,진영티비엑스주식회사,중소기업,경남
1359,착한화장지,중소기업,충남
1360,창록산업,중소기업,경기
1361,㈜창성에이스산업,중소기업,경기
1362,창윤산업주식회사,중소기업,경북
1363,㈜청림,중소기업,대전
1364,주식회사 칠성에프앤비,중소기업,인천
1365,카프자동차정비㈜,중소기업,충남
1366,주식회사 컴트리,중소기업,서울
1367,컴포지션,중소기업,서울
1368,케이. 엘. 이. 에스㈜,중소기업,대전
1369,주식회사 케이시스,중소기업,부산
1370,㈜케이쓰리아이,중소기업,대전
1371,㈜케이씨푸드,중소기업,충북
1372,(주)케이아이디엔,중소기업,서울
1373,주식회사 케이에스씨,중소기업,경남
1374,(주)케이팩,중소기업,충북
1375,코리아식품 주식회사,중소기업,경기
1376,㈜코세스가드,중소기업,서울
1377,㈜퀸-아트,중소기업,경기
1378,크린관리㈜,중소기업,대전
1379,큰우리요양병원,중소기업,대전
1380,주식회사 탑에코,중소기업,경기
1381,㈜태극안경,중소기업,대전
1382,㈜태서식품,중소기업,강원
1383,터보만 주식회사,중소기업,충북
1384,테크노와이시스템주식회사,중소기업,충북
1385,테크빌교육㈜,중소기업,서울
1386,주식회사 토탈에스이엠시스템,중소기업,서울
1387,주식회사 투네이처,중소기업,경기
1388,㈜트렉스타,중소기업,부산
1389,㈜티맥스데이터,중소기업,경기
1390,㈜티맥스소프트,중소기업,경기
1391,주식회사 티볼리씨앤씨,중소기업,서울
1392,페더럴익스프레스코리아 유한회사,중소기업,서울
1393,(주)포스텔,중소기업,충남
1394,㈜포원시스템,중소기업,경북
1395,주식회사 폴인브레드,중소기업,경기
1396,퓨어만 주식회사,중소기업,충북
1397,주식회사 퓨어시스,중소기업,대전
1398,플랜브이 주식회사,중소기업,서울
1399,주식회사 플루시스,중소기업,부산
1400,㈜피닉스아이앤씨,중소기업,경기
1401,피씨엘㈜,중소기업,서울
1402,하남종합시멘트㈜,중소기업,세종
1403,농업회사법인 주식회사 하린식품,중소기업,전남
1404,주식회사 하얀보석,중소기업,전북
1405,㈜한교통상,중소기업,서울
1406,㈜한국비엠에스,중소기업,대전
1407,㈜한국심미치과기공소,중소기업,대전
1408,에스아이오티 주식회사,중소기업,대구
1409,한국자산관리협동조합,중소기업,서울
1410,한국플로우서브,중소기업,충남
1411,㈜한라공업,중소기업,경남
1412,㈜한솔인텍,중소기업,부산
1413,㈜한신기업,중소기업,경기
1414,해동엔지니어링,중소기업,부산
1415,㈜해인홀딩스,중소기업,부산
1416,현대엔지니어링㈜,중소기업,경남
1417,㈜현민화이바,중소기업,부산
1418,㈜협성그룹,중소기업,경기
1419,혜인전기㈜,중소기업,충북
1420,㈜홀리랜드테크놀러지,중소기업,인천
1421,㈜홈페이지코리아,중소기업,서울
1422,화성테크㈜,중소기업,경기
1423,주식회사 화인폰,중소기업,서울
1424,주식회사 휴먼정보,중소기업,대전
1425,㈜희송지오텍,중소기업,경기
1426,강원도 고성군청,공공기관,강원
1427,강원도 삼척시청,공공기관,강원
1428,강원도 속초시청,공공기관,강원
1429,강원도 양양군청,공공기관,강원
1430,강원도 철원군청,공공기관,강원
1431,강원도 춘천시청,공공기관,강원
1432,강원도 태백시청,공공기관,강원
1433,거제해양관광개발공사,공공기관,경남
1434,경기도 가평군청,공공기관,경기
1435,경기도 안성시청,공공기관,경기
1436,경기도시공사,공공기관,경기
1437,경기평택항만공사,공공기관,경기
1438,경상남도개발공사,공공기관,경남
1439,경상남도 밀양시청,공공기관,경남
1440,경상남도 창원시청,공공기관,경남
1441,경상남도 함양군청,공공기관,경남
1442,경상남도 합천군청,공공기관,경남
1443,경상북도 경산시청,공공기관,경북
1444,경상북도 경주시청,공공기관,경북
1445,경상북도 김천시청,공공기관,경북
1446,경상북도 상주시청,공공기관,경북
1447,경상북도 성주군청,공공기관,경북
1448,경상북도 영천시청,공공기관,경북
1449,경상북도 칠곡군청,공공기관,경북
1450,(재)경상북도여성정책개발원,공공기관,경북
1451,고용노동부,공공기관,세종
1452,공군종합보급창,공공기관,대구
1453,과천시시설관리공단,공공기관,경기
1454,관세청,공공기관,대전
1455,광주도시관리공사,공공기관,경기
1456,광주환경공단,공공기관,광주
1457,교육부,공공기관,세종
1458,국토교통과학기술진흥원,공공기관,경기
1459,금천구시설관리공단,공공기관,서울
1460,김해시도시개발공사,공공기관,경남
1461,단양관광관리공단,공공기관,충북
1462,달성군시설관리공단,공공기관,대구
1463,대구광역시 달성군청,공공기관,대구
1464,대구광역시 북구청,공공기관,대구
1465,대구광역시 수성구청,공공기관,대구
1466,대구시설공단,공공기관,대구
1467,재단법인대구디지털산업진흥원,공공기관,대구
1468,대구도시공사,공공기관,대구
1469,대구신용보증재단,공공기관,대구
1470,재단법인 대구여성가족재단,공공기관,대구
1471,재단법인 대구청소년지원재단,공공기관,대구
1472,(재)대구테크노파크,공공기관,대구
1473,대구환경공단,공공기관,대구
1474,대전도시공사,공공기관,대전
1475,대한무역투자진흥공사,공공기관,서울
1476,대한석탄공사,공공기관,강원
1477,독립기념관,공공기관,충남
1478,방송통신위원회,공공기관,경기
1479,법무부,공공기관,경기
1480,법제처,공공기관,세종
1481,병무청,공공기관,대전
1482,(재)부산경제진흥원,공공기관,부산
1483,부산관광공사,공공기관,부산
1484,부산광역시기장군도시관리공단,공공기관,부산
1485,부산세관,공공기관,부산
1486,부산의료원,공공기관,부산
1487,부여군시설관리공단,공공기관,충남
1488,서울특별시 관악구청,공공기관,서울
1489,서울특별시 광진구청,공공기관,서울
1490,서울특별시 구로구청,공공기관,서울
1491,서울특별시 도봉구청,공공기관,서울
1492,서울특별시 양천구청,공공기관,서울
1493,서울특별시 영등포구청,공공기관,서울
1494,서울특별시 용산구청,공공기관,서울
1495,서울특별시강남구도시관리공단,공공기관,서울
1496,서울특별시강북구도시관리공단,공공기관,서울
1497,서울특별시도봉구시설관리공단,공공기관,서울
1498,서울특별시성동구도시관리공단,공공기관,서울
1499,서울특별시송파구시설관리공단,공공기관,서울
1500,서울특별시중구시설관리공단,공공기관,서울
1501,성신여자대학교,공공기관,서울
1502,소상공인시장진흥공단,공공기관,대전
1503,속초시시설관리공단,공공기관,강원
1504,수도권매립지관리공사,공공기관,인천
1505,식품의약품안전처,공공기관,충북
1506,(재)신용보증재단중앙회,공공기관,대전
1507,아산시시설관리공단,공공기관,충남
1508,양천구시설관리공단,공공기관,서울
1509,여성가족부,공공기관,서울
1510,연구개발특구진흥재단,공공기관,대전
1511,외교부,공공기관,서울
1512,용인도시공사,공공기관,경기
1513,(재)우체국물류지원단,공공기관,서울
1514,울산과학기술원,공공기관,울산
1515,울산광역시 북구청,공공기관,울산
1516,울산광역시교육청,공공기관,울산
1517,울산광역시청,공공기관,울산
1518,인천관광공사,공공기관,인천
1519,인천광역시 미추홀구시설관리공단,공공기관,인천
1520,인천교통공사,공공기관,인천
1521,인천글로벌캠퍼스운영재단법인,공공기관,인천
1522,인천도시공사,공공기관,인천
1523,인천지방조달청,공공기관,인천
1524,인천환경공단,공공기관,인천
1525,전라남도 담양군청,공공기관,전남
1526,전라남도 무안군청,공공기관,전남
1527,전라남도 완도군청,공공기관,전남
1528,전라남도 화순군청,공공기관,전남
1529,전라북도 남원시청,공공기관,전북
1530,전라북도 무주군청,공공기관,전북
1531,전라북도 임실군청,공공기관,전북
1532,전라북도 정읍시청,공공기관,전북
1533,전북대학교병원,공공기관,전북
1534,정보통신기술진흥센터,공공기관,대전
1535,제주관광공사,공공기관,제주
1536,제주권역재활병원,공공기관,제주
1537,제주에너지공사,공공기관,제주
1538,재단법인 제주지역사업평가단,공공기관,제주
1539,제주특별자치도서귀포의료원,공공기관,제주
1540,조달청,공공기관,대전
1541,중소기업기술정보진흥원,공공기관,대전
1542,중소벤처기업부,공공기관,대전
1543,창녕군시설관리공단,공공기관,경남
1544,창원시설공단,공공기관,경남
1545,청주시시설관리공단,공공기관,충북
1546,충북여성새로일하기지원본부,공공기관,충북
1547,충청남도 공주시청,공공기관,충남
1548,충청남도 부여군청,공공기관,충남
1549,충청남도 예산군청,공공기관,충남
1550,학교법인 한국폴리텍,공공기관,인천
1551,한국개발연구원,공공기관,세종
1552,한국고용정보원,공공기관,충북
1553,한국광해관리공단,공공기관,강원
1554,한국교육과정평가원,공공기관,서울
1555,한국기계연구원 부설 재료연구소,공공기관,대전
1556,한국문학번역원,공공기관,서울
1557,한국발명진흥회,공공기관,서울
1558,한국벤처투자㈜,공공기관,서울
1559,한국사회적기업진흥원,공공기관,경기
1560,한국산업기술시험원,공공기관,경남
1561,한국산업기술진흥원,공공기관,서울
1562,한국세라믹기술원,공공기관,경남
1563,한국수산자원관리공단,공공기관,부산
1564,재단법인 한국스마트그리드사업단,공공기관,서울
1565,한국식품연구원,공공기관,경기
1566,한국양성평등교육진흥원,공공기관,서울
1567,재단법인 한국여성인권진흥원,공공기관,서울
1568,한국원자력연구원,공공기관,대전
1569,한국잡월드,공공기관,경기
1570,한국지식재산보호원,공공기관,서울
1571,한국지식재산연구원,공공기관,서울
1572,재단법인 한국특허전략개발원,공공기관,서울
1573,한국지역정보개발원,공공기관,서울
1574,한국철도기술연구원,공공기관,경기
1575,재단법인 한국특허정보원,공공기관,대전
1576,재단법인 한국특허정보원 특허정보진흥센터,공공기관,대전
1577,한국항공우주연구원,공공기관,대전
1578,해양수산과학기술진흥원,공공기관,서울
1579,한국환경산업기술원,공공기관,서울
1580,한국환경정책 평가연구원,공공기관,세종
1581,함안지방공사,공공기관,경남
1582,(의료)길의료재단,대기업,인천
1583,(주)동명기술공단종합건축사사무소,대기업,경기
1584,(주)선진엔지니어링종합건축사사무소,대기업,경기
1585,(주)씨제이텔레닉스,대기업,서울
1586,(주)아이디스,대기업,대전
1587,(주)에이디티캡스,대기업,서울
1588,(주)이베이코리아,대기업,서울
1589,(주)정림건축종합건축사사무소,대기업,서울
1590,(주)정식품,대기업,충북
1591,(주)코스모코스,대기업,인천
1592,(주)포스코플랜텍,대기업,경북
1593,(주)한국인삼공사,대기업,대전
1594,(주)한국종합기술,대기업,경기
1595,(주)희림종합건축사사무소,대기업,서울
1596,계명대학교동산의료원,대기업,대구
1597,공항철도 주식회사,대기업,인천
1598,교보핫트랙스(주),대기업,경기
1599,대보건설(주),대기업,경기
1600,대상 주식회사,대기업,서울
1601,대원제약(주),대기업,서울
1602,대한전선(주),대기업,경기
1603,동아쏘시오홀딩스(주),대기업,서울
1604,동일고무벨트 주식회사,대기업,부산
1605,롯데글로벌로지스(주),대기업,서울
1606,롯데상사(주)롯데스카이힐C.C.,대기업,경남
1607,롯데쇼핑(주)H&B,대기업,서울
1608,롯데첨단소재(주),대기업,경기
1609,무림피앤피 주식회사,대기업,울산
1610,보그워너피디에스오창 주식회사,대기업,충북
1611,수협은행,대기업,서울
1612,에이비엘생명보험(주),대기업,서울
1613,에이아이지손해보험 주식회사,대기업,서울
1614,엘아이지넥스원(주),대기업,경기
1615,영진약품 주식회사,대기업,서울
1616,유한회사 알지피코리아,대기업,서울
1617,은산해운항공(주),대기업,부산
1618,인지에이엠티 주식회사,대기업,충남
1619,주식회사 글락소스미스클라인컨슈머헬스케어코리아,대기업,서울
1620,주식회사 디알비동일,대기업,부산
1621,주식회사 디케이서비스,대기업,제주
1622,주식회사 마이비,대기업,부산
1623,주식회사 에이티세미콘,대기업,충북
1624,주식회사 연우,대기업,인천
1625,주식회사 위메프,대기업,서울
1626,주식회사 유신,대기업,서울
1627,주식회사 카카오게임즈,대기업,경기
1628,주식회사 케이피에프,대기업,충북
1629,코스맥스(주),대기업,경기
1630,코오롱글로텍 주식회사,대기업,경기
1631,코오롱엘에스아이 주식회사,대기업,경기
1632,프라임에셋(주),대기업,서울
1633,한국무라타전자 주식회사,대기업,서울
1634,한국암웨이(주),대기업,서울
1635,한국에자이 주식회사,대기업,서울
1636,한일네트웍스 주식회사,대기업,서울
1637,한화생명보험(주),대기업,서울
1638,현대차투자증권 주식회사,대기업,서울
1639,현대파워텍 주식회사,대기업,충남
1640,(유)성보,중소기업,전북
1641,(유)씨앤투영,중소기업,전북
1642,(유)원산업,중소기업,전북
1643,(유)종로과학상사,중소기업,서울
1644,(유)지에스더블유,중소기업,전북
1645,(유)천연담아,중소기업,전북
1646,(유)호남관리,중소기업,전남
1647,(주)EG테크,중소기업,전남
1648,(주)강산매니지먼트,중소기업,대전
1649,(주)건영제과,중소기업,충북
1650,(주)건인씨엔알,중소기업,서울
1651,(주)그린제약,중소기업,충북
1652,(주)길종합건축사사무소이엔지,중소기업,전북
1653,(주)나래정보통신,중소기업,충남
1654,(주)나온웍스,중소기업,서울
1655,(주)네비웍스,중소기업,경기
1656,(주)네오텍,중소기업,충남
1657,(주)넥서스커뮤니티,중소기업,서울
1658,(주)넥스트칩,중소기업,경기
1659,(주)넷맨,중소기업,대구
1660,(주)노바바스,중소기업,충남
1661,(주)노하우정보통신,중소기업,서울
1662,(주)다럼앤바이오,중소기업,강원
1663,(주)다현테크,중소기업,경남
1664,(주)대덕개발,중소기업,대전
1665,(주)대덕종합이엔지,중소기업,충남
1666,(주)대륙금속,중소기업,경기
1667,(주)대성기업개발,중소기업,충남
1668,(주)대송,중소기업,서울
1669,(주)대용,중소기업,울산
1670,(주)대종종합관리,중소기업,대전
1671,(주)대진,중소기업,인천
1672,(주)대청산업개발,중소기업,충북
1673,(주)대한특수한지,중소기업,전북
1674,(주)대현하이텍,중소기업,충북
1675,(주)대호안전관리공사,중소기업,광주
1676,(주)동구바이오제약,중소기업,서울
1677,(주)동부그린환경,중소기업,전남
1678,(주)동성모터스,중소기업,부산
1679,(주)동신비티엠,중소기업,대전
1680,(주)동양기획,중소기업,경기
1681,(주)동화특수강,중소기업,경기
1682,(주)두비원,중소기업,충남
1683,(주)두성기술,중소기업,부산
1684,(주)두원전기소방,중소기업,충북
1685,(주)두일이앤씨,중소기업,전남
1686,(주)디바이스이엔지,중소기업,충남
1687,(주)디앤디기술,중소기업,서울
1688,(주)디앤엠솔루션즈,중소기업,경기
1689,(주)디엔에프,중소기업,대전
1690,(주)디엘정보기술,중소기업,충북
1691,(주)디엠티,중소기업,대전
1692,(주)디지,중소기업,충남
1693,(주)레디코리아,중소기업,서울
1694,(주)마이스테이션,중소기업,부산
1695,(주)마크로케어,중소기업,충북
1696,(주)명성에프엠씨,중소기업,경기
1697,(주)무영종합건축사사무소,중소기업,서울
1698,(주)무호반도체,중소기업,서울
1699,(주)미광화학,중소기업,부산
1700,(주)미도산업,중소기업,대전
1701,(주)미래이앤지,중소기업,충북
1702,(주)바비,중소기업,서울
1703,(주)보람,중소기업,충남
1704,(주)볼빅,중소기업,서울
1705,(주)비.엠.씨,중소기업,경기
1706,(주)비즈엠알오,중소기업,서울
1707,(주)삼성여행사,중소기업,대구
1708,(주)삼원에스컴,중소기업,대구
1709,(주)삼화,중소기업,경남
1710,(주)상록위드인,중소기업,전북
1711,(주)서비스월드,중소기업,경기
1712,(주)서우벤딩,중소기업,전북
1713,(주)서원기술,중소기업,세종
1714,(주)서진종합관리,중소기업,대전
1715,(주)선일아이엔티,중소기업,인천
1716,(주)성림에코산업,중소기업,충남
1717,(주)세림하이텍,중소기업,경기
1718,(주)세연,중소기업,세종
1719,(주)세종이십일,중소기업,충남
1720,(주)세종이엔씨,중소기업,충남
1721,(주)수산씨엠씨,중소기업,서울
1722,(주)스마트시스텍,중소기업,대전
1723,(주)스마트큐브,중소기업,서울
1724,(주)스위트케이,중소기업,경기
1725,(주)스트로마그코리아,중소기업,대전
1726,(주)스페이스솔루션,중소기업,대전
1727,(주)시스턴,중소기업,충남
1728,(주)식스시그마디비,중소기업,대전
1729,(주)신광,중소기업,경북
1730,(주)신성미네랄,중소기업,충북
1731,(주)신신사,중소기업,경남
1732,(주)신우엔지니어링,중소기업,경남
1733,(주)신한종합건축사사무소,중소기업,서울
1734,(주)싸이크로스,중소기업,서울
1735,(주)쓰리지테크놀러지,중소기업,충북
1736,(주)씨넥스존,중소기업,서울
1737,(주)씨앤에스,중소기업,대전
1738,(주)씨앤티,중소기업,충남
1739,(주)씨피에스,중소기업,광주
1740,(주)아로코스메틱,중소기업,서울
1741,(주)아리바이오,중소기업,경기
1742,(주)아스템즈,중소기업,서울
1743,(주)아이비젼,중소기업,전남
1744,(주)아이씨에스,중소기업,울산
1745,(주)아이엔제이,중소기업,충북
1746,(주)아이엠글로벌,중소기업,인천
1747,(주)아이와즈,중소기업,대전
1748,(주)아이템베이,중소기업,서울
1749,(주)아이티엠코퍼레이션건축사사무소,중소기업,서울
1750,(주)아이티코리아,중소기업,충남
1751,(주)애드민,중소기업,서울
1752,(주)에그,중소기업,부산
1753,(주)에넥스트,중소기업,부산
1754,(주)에스알포스트,중소기업,서울
1755,(주)에스코리아,중소기업,서울
1756,(주)에스큐브아이,중소기업,서울
1757,(주)에이로,중소기업,부산
1758,(주)에이치씨인포,중소기업,서울
1759,(주)에이치와이스타일,중소기업,서울
1760,(주)에이치케이피,중소기업,충남
1761,(주)에코매스,중소기업,인천
1762,(주)에코텍,중소기업,울산
1763,(주)엑스트림컨테이너,중소기업,부산
1764,(주)엘리비젼,중소기업,인천
1765,(주)엘리트렌탈,중소기업,서울
1766,(주)엘센,중소기업,대전
1767,(주)엘에스케이글로벌파마서비스,중소기업,서울
1768,(주)엘케이매니지먼트,중소기업,충남
1769,(주)엠서클,중소기업,서울
1770,(주)엠씨엠,중소기업,충북
1771,(주)여민,중소기업,경기
1772,(주)연승약품,중소기업,서울
1773,(주)열림정보기술,중소기업,서울
1774,(주)열심히커뮤니케이션즈,중소기업,서울
1775,(주)영창정보기술,중소기업,충북
1776,(주)예인디자인그룹,중소기업,충북
1777,(주)오성이엔지서비스,중소기업,인천
1778,(주)온리정보통신,중소기업,서울
1779,(주)우리환경,중소기업,경남
1780,(주)우진M&D,중소기업,인천
1781,(주)원,중소기업,서울
1782,(주)원창,중소기업,전남
1783,(주)월드그린,중소기업,충북
1784,(주)위세아이텍,중소기업,경기
1785,(주)유나,중소기업,대전
1786,(주)유니텍바이오산업,중소기업,충북
1787,(주)유명,중소기업,충북
1788,(주)유비에어,중소기업,서울
1789,(주)유비쿼터스통신,중소기업,전북
1790,(주)유원플렛폼,중소기업,대전
1791,(주)은성산업,중소기업,경기
1792,(주)이노시뮬레이션,중소기업,서울
1793,(주)이디엠에듀케이션,중소기업,서울
1794,(주)이에스비코리아,중소기업,경기
1795,(주)이엠넷,중소기업,서울
1796,(주)이오시스템,중소기업,인천
1797,(주)인수,중소기업,충남
1798,(주)인텍,중소기업,전북
1799,(주)일신오토클레이브,중소기업,대전
1800,(주)일신이앤씨,중소기업,강원
1801,(주)자연머금,중소기업,전북
1802,(주)장수산업,중소기업,서울
1803,(주)정원커머스,중소기업,세종
1804,(주)제네스,중소기업,대전
1805,(주)제스엔지니어링,중소기업,서울
1806,(주)제이앤디힐링뮤직,중소기업,경기
1807,(주)제이엠커리어,중소기업,서울
1808,(주)종합건축사사무소 동일건축,중소기업,서울
1809,(주)종합건축사사무소그룹예성,중소기업,서울
1810,(주)좋은사람들,중소기업,서울
1811,(주)좋은세상,중소기업,충북
1812,(주)좋은세상,중소기업,강원
1813,(주)지성정보통신,중소기업,충남
1814,(주)지엔씨에너지,중소기업,서울
1815,(주)지엔티,중소기업,경남
1816,(주)지엔피링크,중소기업,서울
1817,(주)진매트릭스,중소기업,경기
1818,(주)창대피엔비,중소기업,전남
1819,(주)천안돌봄사회서비스센터,중소기업,충남
1820,(주)천일콘크리트,중소기업,충남
1821,(주)천지콘텍,중소기업,충남
1822,(주)청옥,중소기업,경북
1823,(주)청우물류,중소기업,대구
1824,(주)칼리온,중소기업,대전
1825,(주)커리어스타,중소기업,대구
1826,(주)케이비티,중소기업,인천
1827,(주)케이제이메디텍,중소기업,광주
1828,(주)케이지엔지니어링종합건축사사무소,중소기업,경기
1829,(주)켐스코,중소기업,경기
1830,주식회사 코리아리서치인터내셔널,중소기업,서울
1831,(주)코리아트리즈,중소기업,부산
1832,(주)코리아환경산업,중소기업,대전
1833,(주)코스모앤컴퍼니,중소기업,서울
1834,(주)코엠에스,중소기업,충북
1835,(주)콘포테크,중소기업,경기
1836,(주)크릭앤리버엔터테인먼트,중소기업,서울
1837,(주)크린엔조이,중소기업,대전
1838,(주)크린포시스템,중소기업,대구
1839,(주)태경식품,중소기업,충북
1840,(주)태영윈,중소기업,충북
1841,(주)태원에이엠,중소기업,서울
1842,(주)터보소프트,중소기업,충북
1843,(주)텐마인즈,중소기업,서울
1844,(주)토문엔지니어링건축사사무소,중소기업,서울
1845,(주)투비소프트,중소기업,서울
1846,(주)트라이포드,중소기업,대전
1847,(주)트래콘건설,중소기업,경기
1848,(주)티앤디소프트,중소기업,경기
1849,(주)티앤이코리아,중소기업,대전
1850,(주)티에스티,중소기업,대전
1851,(주)팬톤에이디,중소기업,서울
1852,(주)포티스,중소기업,경기
1853,(주)풍림푸드,중소기업,충북
1854,(주)퓨처아이스,중소기업,전남
1855,(주)프론텍,중소기업,경기
1856,(주)플레이스엠,중소기업,서울
1857,(주)플립커뮤니케이션즈,중소기업,서울
1858,(주)피스월드,중소기업,서울
1859,(주)피앤씨,중소기업,경기
1860,(주)하늘물빛정원,중소기업,충남
1861,(주)하이모,중소기업,서울
1862,(주)하이트론씨스템즈,중소기업,경기
1863,(주)한국관리시스템,중소기업,대전
1864,(주)한국엔텍,중소기업,대전
1865,(주)한국이엔이,중소기업,서울
1866,(주)한다,중소기업,경기
1867,(주)한도,중소기업,충남
1868,(주)한밭기업,중소기업,대전
1869,(주)한얼누리,중소기업,충북
1870,(주)한우리열린교육,중소기업,서울
1871,(주)한울아이엔씨,중소기업,대전
1872,(주)한일종합상사,중소기업,대전
1873,(주)행복담은네모,중소기업,충북
1874,(주)헬리코리아,중소기업,대전
1875,(주)현대관리공사,중소기업,대전
1876,(주)현대에스디아이,중소기업,부산
1877,(주)화신산업,중소기업,경남
1878,(주)화인시스템,중소기업,충북
1879,(주)휴먼시스,중소기업,대전
1880,(주)휴먼앤휴먼,중소기업,대전
1881,(주)휴먼케어,중소기업,충북
1882,(주)휴엔,중소기업,전남
1883,6형제바둑(주),중소기업,경기
1884,SG스포츠,중소기업,인천
1885,SMDV,중소기업,부산
1886,가나안전자정밀(주),중소기업,인천
1887,가온하우징,중소기업,충남
1888,개미인력개발(주),중소기업,충남
1889,거성인더스트리(주),중소기업,충남
1890,경원벤딩공업사,중소기업,경남
1891,경제정공,중소기업,인천
1892,경주바른이치과,중소기업,경북
1893,광명테크,중소기업,경기
1894,국도특장,중소기업,전북
1895,국일철강(주),중소기업,전북
1896,굿모닝백이안과의원,중소기업,부산
1897,그린코스 주식회사,중소기업,경기
1898,극동에치팜 (주),중소기업,충남
1899,글로리아교육재단 주식회사,중소기업,서울
1900,글로리아항공 주식회사,중소기업,서울
1901,금강정공,중소기업,충남
1902,금덕펌프산업(주),중소기업,경기
1903,기득산업(주),중소기업,경남
1904,길연종합관리(주),중소기업,부산
1905,김안과의원,중소기업,충북
1906,나노조명,중소기업,인천
1907,남양몰드(주),중소기업,경북
1908,내추럴초이스(주),중소기업,충남
1909,노무법인 명장,중소기업,충북
1910,놀뫼인삼영농조합법인,중소기업,충남
1911,농가애 주식회사,중소기업,충남
1912,농업회사법인 (주)다비육종,중소기업,경기
1913,농업회사법인 (주)화산,중소기업,전북
1914,농업회사법인 녹색흑염소(주),중소기업,전남
1915,농업회사법인 에스에스바이오팜 주식회사,중소기업,충남
1916,농업회사법인 웰팜넷주식회사,중소기업,경기
1917,농업회사법인 조선왕가 주식회사,중소기업,경기
1918,농업회사법인 주식회사 가고파힐링푸드,중소기업,경남
1919,농업회사법인 주식회사 가든클래식스,중소기업,전남
1920,농업회사법인 주식회사 꽃가람,중소기업,전북
1921,농업회사법인 주식회사 보성특수농산,중소기업,전남
1922,농업회사법인 주식회사 이마스터에이,중소기업,전북
1923,농업회사법인 주식회사 장산,중소기업,충남
1924,농업회사법인 주식회사 청정농장,중소기업,전북
1925,농업회사법인 초록나무 주식회사,중소기업,경기
1926,농업회사법인 토마스푸드 주식회사,중소기업,충남
1927,농업회사법인 현농 주식회사,중소기업,경기
1928,농업회사법인 회오리유한회사,중소기업,충북
1929,다인비엠씨주식회사,중소기업,대전
1930,대명아이티에스(주),중소기업,서울
1931,대성오토,중소기업,경기
1932,대신네트웍스 주식회사,중소기업,대전
1933,대양디아이(주),중소기업,서울
1934,대일물산,중소기업,충북
1935,대전열병합발전 주식회사,중소기업,대전
1936,대한공조(주),중소기업,경기
1937,대홍코스텍 주식회사,중소기업,대구
1938,더맑은환경컨설팅,중소기업,부산
1939,더원기술(주),중소기업,강원
1940,더원케미칼인터내셔널(주),중소기업,경기
1941,더이레츠,중소기업,서울
1942,동국성신(주),중소기업,인천
1943,주식회사 금빛,중소기업,경기
1944,동아전기공업(주),중소기업,부산
1945,동유 주식회사,중소기업,대전
1946,동호산업(주),중소기업,충남
1947,디에스지엔 주식회사,중소기업,서울
1948,디엔비하우징주식회사,중소기업,대전
1949,디자인펜슬,중소기업,충북
1950,떡도리,중소기업,충북
1951,라온컨벤션 주식회사,중소기업,대전
1952,리봄화장품 주식회사,중소기업,세종
1953,링크마인드,중소기업,부산
1954,마린전자상사,중소기업,부산
1955,마이크로닉시스템(주),중소기업,대전
1956,메가넥스트 주식회사,중소기업,서울
1957,메디포스트(주),중소기업,경기
1958,명랑시대외식청년창업협동조합,중소기업,대전
1959,명우네오텍 주식회사,중소기업,충남
1960,보문 주식회사,중소기업,대전
1961,보은용사촌 주식회사 경산육가공사업소,중소기업,경북
1962,부경기업,중소기업,경기
1963,부광정밀,중소기업,경기
1964,부산일보(주),중소기업,부산
1965,비비씨 주식회사,중소기업,대전
1966,빅시스템즈 주식회사,중소기업,경남
1967,산전정밀(주),중소기업,충북
1968,삼성산업관리(주),중소기업,충북
1969,삼우티이에스 주식회사,중소기업,부산
1970,삼정리맨(주),중소기업,경기
1971,삼정오토미션,중소기업,경기
1972,삼주외식산업(주),중소기업,대전
1973,삼현산업개발(주),중소기업,전남
1974,삼흥기업(주),중소기업,대전
1975,상동산업(주),중소기업,인천
1976,상록비엠 주식회사,중소기업,대전
1977,새서울산업(주),중소기업,서울
1978,서보산업(주),중소기업,충북
1979,서울시스템(주),중소기업,서울
1980,서일개발(주),중소기업,서울
1981,서천한산식품,중소기업,충남
1982,선두전자(주),중소기업,서울
1983,선일기업(주),중소기업,대전
1984,성남판지(주),중소기업,충남
1985,성도하이텍 주식회사,중소기업,경북
1986,성산테크(주),중소기업,충북
1987,세광식품(주),중소기업,경기
1988,세종주택관리(주),중소기업,충북
1989,세진SR,중소기업,경기
1990,승일미디어그룹 주식회사,중소기업,대전
1991,시나종합관리 주식회사,중소기업,대전
1992,신광화학공업(주),중소기업,경남
1993,신기술 주식회사,중소기업,대전
1994,신대정식품,중소기업,충남
1995,신명유아이 주식회사,중소기업,전남
1996,신성종합건축사사무소(주),중소기업,충북
1997,신풍산업 주식회사,중소기업,충북
1998,실내환경연구소 주식회사,중소기업,부산
1999,실력산업(주),중소기업,경기
2000,씨엔로봇(주),중소기업,대전
2001,아디다스,중소기업,광주
2002,아이다움(주),중소기업,서울
2003,아이씨씨(주),중소기업,대전
2004,안성의료복지사회적협동조합,중소기업,경기
2005,안흥도깨비식품,중소기업,강원
2006,알앤비시스템 (주),중소기업,전남
2007,에버그린텍(주),중소기업,충남
2008,에스엔팩 주식회사,중소기업,충남
2009,에스정보통신(주),중소기업,대구
2010,에이비프로 주식회사,중소기업,서울
2011,에이스시설관리 주식회사,중소기업,서울
2012,에임시스템(주),중소기업,경기
2013,에프엠파트너 주식회사,중소기업,서울
2014,엠티엠옵틱스 주식회사,중소기업,충북
2015,엠티코리아(주),중소기업,부산
2016,연수중공업(유),중소기업,충남
2017,영농조합법인 한꿀팜스원,중소기업,대전
2018,영동씨푸드(주),중소기업,경기
2019,영림임업(주),중소기업,인천
2020,예스티엠(주),중소기업,서울
2021,오천산업(주),중소기업,전남
2022,오프너디오씨 주식회사,중소기업,서울
2023,오행종합개발(주),중소기업,서울
2024,옵토팩 주식회사,중소기업,충북
2025,와이파이종합관리 주식회사,중소기업,세종
2026,우리들병원,중소기업,서울
2027,우일종합건설(주),중소기업,전남
2028,웅진보안시스템(주),중소기업,충남
2029,워크재활의학과병원,중소기업,부산
2030,월드시스템,중소기업,부산
2031,월드에너시스,중소기업,대전
2032,유니원아이앤씨(주),중소기업,서울
2033,유메인 주식회사,중소기업,대전
2034,유비즈정보기술(주),중소기업,대전
2035,유에프엠시스템즈 주식회사,중소기업,경기
2036,유한회사 골드필드코리아,중소기업,전북
2037,유한회사 금오건설,중소기업,전북
2038,유한회사 삼성글로텍,중소기업,전북
2039,유한회사 정진플랜트,중소기업,전북
2040,유한회사 화진,중소기업,광주
2041,이그잼플러글로벌(주),중소기업,서울
2042,이노테크놀로지 주식회사,중소기업,서울
2043,이엔테크놀로지(주),중소기업,경기
2044,이엠종합건설 주식회사,중소기업,경기
2045,이지케어텍(주),중소기업,서울
2046,이화전기공업(주),중소기업,서울
2047,인지어스 유한회사,중소기업,서울
2048,임성규네고구마영농조합법인,중소기업,전북
2049,자이로,중소기업,전북
2050,장터넷 주식회사,중소기업,인천
2051,정원기업(자),중소기업,대전
2052,제이테크,중소기업,세종
2053,제일T/C,중소기업,광주
2054,제일산업(주),중소기업,대전
2055,주간옥천신문(주),중소기업,충북
2056,주식회사 가나다,중소기업,광주
2057,주식회사 가비안,중소기업,충남
2058,주식회사 가솔린,중소기업,경기
2059,주식회사 가치소프트,중소기업,대전
2060,주식회사 거양,중소기업,경기
2061,주식회사 경원산업,중소기업,세종
2062,주식회사 경포,중소기업,경북
2063,주식회사 국원,중소기업,충북
2064,주식회사 그린스토어,중소기업,경기
2065,주식회사 그린파이프,중소기업,전북
2066,주식회사 글로우데이즈,중소기업,서울
2067,주식회사 금탑,중소기업,충남
2068,주식회사 나눔환경,중소기업,충북
2069,주식회사 네이처앤드피플,중소기업,강원
2070,주식회사 넷앤드,중소기업,서울
2071,주식회사 녹십자셀,중소기업,서울
2072,주식회사 뉴젠스,중소기업,경기
2073,주식회사 니트로아이,중소기업,경기
2074,주식회사 다온아이티,중소기업,대전
2075,주식회사 다이나맥스,중소기업,서울
2076,주식회사 다인인더스,중소기업,대전
2077,주식회사 단정바이오,중소기업,강원
2078,주식회사 대광실업,중소기업,광주
2079,주식회사 대덕에스엠,중소기업,서울
2080,주식회사 대덕조경디자인,중소기업,충남
2081,주식회사 대한에프앤에스,중소기업,충북
2082,주식회사 덕흥철강,중소기업,충남
2083,주식회사 동남기술단,중소기업,부산
2084,주식회사 동영화학,중소기업,경기
2085,주식회사 듀코젠,중소기업,서울
2086,주식회사 등푸른식품,중소기업,부산
2087,주식회사 디비케이,중소기업,인천
2088,주식회사 디앤엠팩토리,중소기업,경기
2089,주식회사 투썬디지털미디어,중소기업,경기
2090,주식회사 디케이인더스트리얼,중소기업,부산
2091,주식회사 디플럭스씨앤씨,중소기업,서울
2092,주식회사 라니앤라이프,중소기업,인천
2093,주식회사 라온헬스케어,중소기업,서울
2094,주식회사 러쉬코리아,중소기업,서울
2095,주식회사 로그온유,중소기업,서울
2096,주식회사 리뉴캔,중소기업,전북
2097,주식회사 리텍,중소기업,경기
2098,주식회사 마루에이치알,중소기업,서울
2099,주식회사 마이리얼트립,중소기업,서울
2100,주식회사 맑은성원플러스,중소기업,충남
2101,주식회사 맨플러스,중소기업,대전
2102,주식회사 면사랑,중소기업,충북
2103,주식회사 명품코리아,중소기업,충남
2104,주식회사 모소,중소기업,대전
2105,주식회사 미네랄하우스,중소기업,경기
2106,주식회사 미래와도전,중소기업,경기
2107,주식회사 백년기술,중소기업,경기
2108,주식회사 백학,중소기업,대전
2109,주식회사 부뜰정보시스템,중소기업,서울
2110,주식회사 뷰웍스,중소기업,경기
2111,주식회사 브이패스,중소기업,제주
2112,주식회사 비비조명,중소기업,대전
2113,주식회사 비알인포텍,중소기업,경기
2114,주식회사 비케이인스트루먼트,중소기업,대전
2115,주식회사 비케이정보통신,중소기업,충남
2116,주식회사 비티앤콤,중소기업,서울
2117,주식회사 빈스튜디오스,중소기업,서울
2118,주식회사 사회복지동행,중소기업,부산
2119,주식회사 산내음푸드,중소기업,경기
2120,주식회사 삶과환경,중소기업,충북
2121,주식회사 삼복농업회사법인,중소기업,충남
2122,주식회사 삼성칼라팩,중소기업,충남
2123,주식회사 삼영정보,중소기업,대전
2124,주식회사 선우켐텍,중소기업,충북
2125,주식회사 성신테크,중소기업,대전
2126,주식회사 성심광학,중소기업,경기
2127,주식회사 성심산업,중소기업,충남
2128,주식회사 성우이넥스,중소기업,경기
2129,주식회사 성창,중소기업,경기
2130,주식회사 성호전자,중소기업,경남
2131,주식회사 세븐캅,중소기업,충북
2132,주식회사 세원플라텍,중소기업,경기
2133,주식회사 세인트벨코리아,중소기업,서울
2134,주식회사 세일금형,중소기업,광주
2135,주식회사 세종디자인,중소기업,부산
2136,주식회사 세종크리에이티브,중소기업,서울
2137,주식회사 세종하이텍,중소기업,충북
2138,주식회사 세홍,중소기업,경기
2139,주식회사 센트롤,중소기업,서울
2140,주식회사 소문난삼부자,중소기업,충남
2141,주식회사 수만,중소기업,대전
2142,주식회사 스퀘어엠,중소기업,서울
2143,주식회사 스템랩,중소기업,서울
2144,주식회사 시스웍,중소기업,대전
2145,주식회사 시온,중소기업,충남
2146,주식회사 시원엘에스,중소기업,대전
2147,주식회사 신성기어,중소기업,대전
2148,주식회사 신영시큐리티,중소기업,대전
2149,주식회사 신한정보통신코리아,중소기업,광주
2150,주식회사 신화식품,중소기업,인천
2151,주식회사 쌍마산업,중소기업,충남
2152,주식회사 씨엔테크,중소기업,서울
2153,주식회사 씨엘엠앤에스,중소기업,서울
2154,주식회사 아보네,중소기업,대전
2155,주식회사 아시아,중소기업,전북
2156,주식회사 아워스,중소기업,대전
2157,주식회사 아이엔소프트,중소기업,서울
2158,주식회사 아이티센,중소기업,서울
2159,주식회사 아이플러스원,중소기업,부산
2160,주식회사 아인,중소기업,인천
2161,주식회사 아일라글로벌,중소기업,서울
2162,주식회사 아크로만,중소기업,인천
2163,주식회사 알엔에스,중소기업,대전
2164,주식회사 알티엑스,중소기업,대전
2165,주식회사 앤에스푸드,중소기업,인천
2166,주식회사 어뮤즈트래블,중소기업,서울
2167,주식회사 에그텍,중소기업,대전
2168,주식회사 에니켐텍,중소기업,충남
2169,주식회사 에스,중소기업,경남
2170,주식회사 에스이코리아,중소기업,대구
2171,주식회사 에스제이글로벌,중소기업,경기
2172,주식회사 에슬론통신,중소기업,전북
2173,주식회사 에이럭스,중소기업,서울
2174,주식회사 에이티에스,중소기업,충북
2175,주식회사 에코맘의산골이유식 농업회사법인,중소기업,경남
2176,주식회사 에프엔에스벨류,중소기업,서울
2177,주식회사 에피스,중소기업,충남
2178,주식회사 엑스바디,중소기업,서울
2179,주식회사 엑씽크,중소기업,서울
2180,주식회사 엔에쓰씨,중소기업,충남
2181,주식회사 엔엘푸드,중소기업,경기
2182,주식회사 엔젯오리진,중소기업,부산
2183,주식회사 엔지니어스톡,중소기업,대전
2184,주식회사 엔티정보,중소기업,충북
2185,주식회사 엘케이엔지니어링,중소기업,경기
2186,주식회사 엘케이웨이,중소기업,제주
2187,주식회사 엠포,중소기업,서울
2188,주식회사 영진식품,중소기업,세종
2189,주식회사 오가다,중소기업,서울
2190,주식회사 오렌지피플,중소기업,경기
2191,주식회사 오토앤로봇,중소기업,충남
2192,주식회사 오투팜,중소기업,대전
2193,주식회사 올즙,중소기업,충남
2194,주식회사 와이앤제이이일,중소기업,부산
2195,주식회사 와이콤,중소기업,제주
2196,주식회사 우리,중소기업,경기
2197,주식회사 우리매니저,중소기업,대구
2198,주식회사 우먼패키지,중소기업,충남
2199,주식회사 월드팩,중소기업,충북
2200,주식회사 위드플러스시스템,중소기업,경기
2201,주식회사 윈텍피앤이,중소기업,경기
2202,주식회사 유노미아,중소기업,대전
2203,주식회사 이노바이오써지,중소기업,대전
2204,주식회사 이레,중소기업,경북
2205,주식회사 이레건축사사무소,중소기업,대전
2206,주식회사 이루다,중소기업,대전
2207,주식회사 이르테크,중소기업,대전
2208,주식회사 이엘메디텍,중소기업,대전
2209,주식회사 이츠엠,중소기업,경북
2210,주식회사 인스프라,중소기업,대전
2211,주식회사 인챌,중소기업,대전
2212,주식회사 인피니티네트웍스,중소기업,충북
2213,주식회사 일렉트코리아,중소기업,경기
2214,주식회사 임팩시스,중소기업,강원
2215,주식회사 제로테크,중소기업,전북
2216,주식회사 제이비컴,중소기업,충북
2217,주식회사 제이아이테크,중소기업,충남
2218,주식회사 제이엔피글로벌,중소기업,대전
2219,주식회사 제이원메딕스,중소기업,경기
2220,주식회사 제주탑솔라,중소기업,제주
2221,주식회사 중부에너텍,중소기업,대전
2222,주식회사 지노테크,중소기업,대전
2223,주식회사 지앤파트너스,중소기업,대전
2224,주식회사 지에이치아이,중소기업,울산
2225,주식회사 지엔,중소기업,전북
2226,주식회사 지엠에스,중소기업,충남
2227,주식회사 지텍,중소기업,충남
2228,주식회사 진산테크윈,중소기업,전북
2229,주식회사 창민테크론,중소기업,경남
2230,주식회사 채온,중소기업,대전
2231,주식회사 청코리아,중소기업,강원
2232,주식회사 청해,중소기업,경북
2233,주식회사 케이브레인컴퍼니,중소기업,서울
2234,주식회사 케이스코,중소기업,대전
2235,주식회사 케이크린,중소기업,경기
2236,주식회사 코드원,중소기업,충북
2237,주식회사 코리나,중소기업,충북
2238,주식회사 콘텐츠그룹 재주상회,중소기업,제주
2239,주식회사 큐비엠,중소기업,서울
2240,주식회사 큐앤에이네트웍스,중소기업,울산
2241,주식회사 클린그린,중소기업,강원
2242,주식회사 타스코엔지니어링,중소기업,충북
2243,주식회사 태양기전,중소기업,부산
2244,주식회사 태흥에프엔지,중소기업,경기
2245,주식회사 터보만이엔에스,중소기업,충북
2246,주식회사 테키스트,중소기업,경기
2247,주식회사 투바앤,중소기업,서울
2248,주식회사 튠시스템,중소기업,경기
2249,주식회사 트라콤,중소기업,경기
2250,주식회사 트랜사일로,중소기업,전북
2251,주식회사 티라유텍,중소기업,서울
2252,주식회사 티앤씨코리아,중소기업,서울
2253,주식회사 티에스포유,중소기업,경기
2254,주식회사 티엔제주,중소기업,제주
2255,주식회사 파워텍,중소기업,대전
2256,주식회사 판게아솔루션,중소기업,대전
2257,주식회사 퍼니디,중소기업,충남
2258,주식회사 포스원,중소기업,경북
2259,주식회사 포인트모바일,중소기업,서울
2260,주식회사 푸드웍스,중소기업,전북
2261,주식회사 풍성환경이엔지,중소기업,경기
2262,주식회사 플레이오토,중소기업,서울
2263,주식회사 하기소닉,중소기업,대전
2264,주식회사 하나플라텍,중소기업,충북
2265,주식회사 하우웰이엠에스,중소기업,대전
2266,주식회사 한국기술경영연구원,중소기업,서울
2267,주식회사 한국소방공사,중소기업,대전
2268,주식회사 한국인증협회,중소기업,대전
2269,주식회사 한국커리어잡스,중소기업,충남
2270,주식회사 한국후지알앤씨,중소기업,충남
2271,주식회사 한미하이텍,중소기업,대전
2272,주식회사 해탐테크놀로지,중소기업,인천
2273,주식회사 핸디소프트,중소기업,경기
2274,주식회사 혜강씨큐리티,중소기업,서울
2275,주식회사 화인정밀,중소기업,세종
2276,주식회사 화인푸드,중소기업,인천
2277,주식회사 황초원,중소기업,경기
2278,주식회사 훌리악,중소기업,서울
2279,주식회사 휴먼종합관리,중소기업,서울
2280,주식회사 휴인,중소기업,충남
2281,지구커뮤니케이션,중소기업,대전
2282,지니스,중소기업,충남
2283,지엠진성 주식회사,중소기업,경남
2284,진희종합관리 주식회사,중소기업,대전
2285,철인종합건설(주),중소기업,부산
2286,청당기업,중소기업,경기
2287,청우산업(주),중소기업,경기
2288,청라여성병원,중소기업,인천
2289,충청화학에너지주식회사,중소기업,충남
2290,카네기경영연구원 주식회사,중소기업,광주
2291,카신모터스,중소기업,대전
2292,켐디스,중소기업,대전
2293,크로스파워 주식회사,중소기업,대전
2294,크리니티 주식회사,중소기업,서울
2295,탑솔라 주식회사,중소기업,전남
2296,태양환경(주),중소기업,전남
2297,토마토의료기,중소기업,광주
2298,특허법인 참좋은,중소기업,대전
2299,티앤아이(주),중소기업,대전
2300,티엔에스 주식회사,중소기업,충북
2301,티엠에스꼬레아 주식회사,중소기업,부산
2302,파스,중소기업,경기
2303,팔공인터내셔널(주),중소기업,대구
2304,팜스코(주),중소기업,세종
2305,퍼멘텍(주),중소기업,충북
2306,펜타시큐리티시스템(주),중소기업,서울
2307,평화장갑(주),중소기업,충북
2308,포시즌환경(주),중소기업,대전
2309,포유엔지니어링종합건축사사무소 주식회사,중소기업,대전
2310,폴라인피부과의원,중소기업,대전
2311,폴스타헬스케어 주식회사,중소기업,서울
2312,풍림무약(주),중소기업,서울
2313,플레이플래닛 주식회사,중소기업,서울
2314,피앤아이 주식회사,중소기업,제주
2315,하이원텍코리아(주),중소기업,충북
2316,한국고무 주식회사,중소기업,경기
2317,한국다이아몬드파이프(주),중소기업,경기
2318,한국문헌정보기술(주),중소기업,서울
2319,한국안전기술정보 주식회사,중소기업,대전
2320,한국엘러간(주),중소기업,서울
2321,한국정공,중소기업,부산
2322,한길하이테크,중소기업,광주
2323,한라동력공업 주식회사,중소기업,서울
2324,한림지기,중소기업,전북
2325,한백종합철강(주),중소기업,충북
2326,한솔마트,중소기업,충남
2327,한신기계공업(주),중소기업,경기
2328,한일스마트디젤,중소기업,대전
2329,한진타올,중소기업,충북
2330,합자회사 제이씨맨파워,중소기업,대전
2331,현솔루션,중소기업,충북
2332,효사랑가족요양병원,중소기업,전북
2333,효성오앤비(주),중소기업,충남
2334,후불제여행사 투어컴 유한회사,중소기업,전북
2335,(재)부산문화재단,공공기관,부산
2336,(재)연구성과실용화진흥원,공공기관,서울
2337,(재)우체국시설관리단,공공기관,서울
2338,(재)울산테크노파크,공공기관,울산
2339,(재)인천문화재단,공공기관,인천
2340,(재)정동극장,공공기관,서울
2341,(재)중소기업연구원,공공기관,서울
2342,한국여성과학기술인지원센터,공공기관,서울
2343,(주)엑스코,공공기관,대구
2344,(주)제주국제컨벤션센터,공공기관,제주
2345,(주)중소기업유통센터,공공기관,서울
2346,(주)한국가스기술공사,공공기관,대전
2347,(주)한국건설관리공사,공공기관,경북
2348,88관광개발 주식회사,공공기관,경기
2349,가축위생방역지원본부,공공기관,세종
2350,감사원,공공기관,서울
2351,강릉관광개발공사,공공기관,강원
2352,강릉원주대학교치과병원,공공기관,강원
2353,강원대학교병원,공공기관,강원
2354,강원도 양구군청,공공기관,강원
2355,강원도 홍천군청,공공기관,강원
2356,강원도 화천군청,공공기관,강원
2357,강원도개발공사,공공기관,강원
2358,건설근로자공제회,공공기관,서울
2359,경기도 과천시청,공공기관,경기
2360,경기도 광명시청,공공기관,경기
2361,경기도 하남시청,공공기관,경기
2362,경북대학교병원,공공기관,대구
2363,경북대학교치과병원,공공기관,대구
2364,경상남도 진주시청,공공기관,경남
2365,경상남도 통영시청,공공기관,경남
2366,경상대학교병원,공공기관,경남
2367,경상북도 고령군청,공공기관,경북
2368,경상북도 군위군청,공공기관,경북
2369,경상북도 문경시청,공공기관,경북
2370,경상북도 봉화군청,공공기관,경북
2371,경상북도 안동시청,공공기관,경북
2372,경상북도 영덕군청,공공기관,경북
2373,경상북도 영양군청,공공기관,경북
2374,경상북도 예천군청,공공기관,경북
2375,경상북도 울릉군청,공공기관,경북
2376,경상북도 울진군청,공공기관,경북
2377,경상북도 의성군청,공공기관,경북
2378,경상북도 청도군청,공공기관,경북
2379,경상북도 청송군청,공공기관,경북
2380,경상북도관광공사,공공기관,경북
2381,경찰청,공공기관,서울
2382,고양도시관리공사,공공기관,경기
2383,공정거래위원회,공공기관,세종
2384,과학기술연합대학원대학교,공공기관,대전
2385,과학기술정보통신부,공공기관,경기
2386,과학기술정책연구원,공공기관,세종
2387,광명도시공사,공공기관,경기
2388,광주과학기술원,공공기관,광주
2389,광주광역시광산구시설관리공단,공공기관,광주
2390,광진구시설관리공단,공공기관,서울
2391,구리농수산물공사,공공기관,경기
2392,국가과학기술연구회,공공기관,세종
2393,국가보훈처,공공기관,세종
2394,국가인권위원회,공공기관,서울
2395,국립광주과학관,공공기관,광주
2396,국립낙동강생물자원관,공공기관,경북
2397,국립대구과학관,공공기관,대구
2398,국립박물관문화재단,공공기관,서울
2399,국립부산과학관,공공기관,부산
2400,국립생태원,공공기관,충남
2401,국립해양박물관,공공기관,부산
2402,국립해양생물자원관,공공기관,충남
2403,국무조정실,공공기관,세종
2404,국민권익위원회,공공기관,세종
2405,국방부,공공기관,서울
2406,국방전직교육원,공공기관,경기
2407,국세청,공공기관,세종
2408,국악방송,공공기관,서울
2409,국제식물검역인증원,공공기관,부산
2410,국토교통부,공공기관,세종
2411,국토연구원,공공기관,세종
2412,군산대학교,공공기관,전북
2413,금융위원회,공공기관,서울
2414,기상청,공공기관,서울
2415,기초과학연구원,공공기관,대전
2416,기획재정부,공공기관,세종
2417,남양주도시공사,공공기관,경기
2418,김포시시설관리공단,공공기관,경기
2419,녹색기술센터,공공기관,서울
2420,농림축산식품부,공공기관,세종
2421,농업정책보험금융원,공공기관,서울
2422,농촌진흥청,공공기관,전북
2423,대검찰청,공공기관,서울
2424,대구세관,공공기관,대구
2425,대구의료원,공공기관,대구
2426,대외경제정책연구원,공공기관,세종
2427,대전광역시도시철도공사,공공기관,대전
2428,대전마케팅공사,공공기관,대전
2429,대한법률구조공단,공공기관,경북
2430,대한체육회,공공기관,서울
2431,동북아역사재단,공공기관,서울
2432,동해시시설관리공단,공공기관,강원
2433,문경관광진흥공단,공공기관,경북
2434,문화재청,공공기관,대전
2435,문화체육관광부,공공기관,세종
2436,민주화운동기념사업회,공공기관,서울
2437,방위사업청,공공기관,경기
2438,별정우체국연금관리단,공공기관,서울
2439,보령시시설관리공단,공공기관,충남
2440,부산대학교병원,공공기관,부산
2441,부산대학교치과병원,공공기관,경남
2442,주식회사 부산항보안공사,공공기관,부산
2443,북한이탈주민지원재단,공공기관,서울
2444,사단법인 남북교류협력지원협회,공공기관,서울
2445,사단법인 한국기술자격검정원,공공기관,서울
2446,사단법인 한국문화산업협회,공공기관,대전
2447,산업연구원,공공기관,세종
2448,산업통상자원부,공공기관,세종
2449,새만금개발청,공공기관,세종
2450,서울대학교병원,공공기관,서울
2451,서울대학교치과병원,공공기관,서울
2452,서울시설공단,공공기관,서울
2453,서울특별시 동작구청,공공기관,서울
2454,서울특별시 마포구청,공공기관,서울
2455,서울특별시 성북구청,공공기관,서울
2456,서울특별시 중구청,공공기관,서울
2457,서울특별시 중랑구청,공공기관,서울
2458,서울특별시동작구시설관리공단,공공기관,서울
2459,서울특별시마을공동체종합지원센터,공공기관,서울
2460,서울특별시마포구시설관리공단,공공기관,서울
2461,세종학당재단,공공기관,서울
2462,시청자미디어 재단,공공기관,서울
2463,식품안전정보원,공공기관,서울
2464,아시아문화원,공공기관,광주
2465,아이오엠이민정책연구원,공공기관,경기
2466,안동시시설관리공단,공공기관,경북
2467,안성시시설관리공단,공공기관,경기
2468,양산시시설관리공단,공공기관,경남
2469,에이피이씨기후센터,공공기관,부산
2470,여수시도시공사,공공기관,전남
2471,영상물등급위원회,공공기관,부산
2472,여주도시관리공단,공공기관,경기
2473,영월군시설관리공단,공공기관,강원
2474,예술의전당,공공기관,서울
2475,울산광역시 남구청,공공기관,울산
2476,울산광역시 동구청,공공기관,울산
2477,울산광역시 울주군청,공공기관,울산
2478,울산광역시 중구청,공공기관,울산
2479,울산광역시남구도시관리공단,공공기관,울산
2480,울산광역시도시공사,공공기관,울산
2481,울산광역시중구도시관리공단,공공기관,울산
2482,울주군시설관리공단,공공기관,울산
2483,원자력안전위원회,공공기관,서울
2484,월성종합사회복지관,공공기관,대구
2485,육군종합보급창,공공기관,세종
2486,육아정책연구소,공공기관,서울
2487,의료기기정보기술지원센터,공공기관,서울
2488,의료법인한전의료재단한일병원,공공기관,서울
2489,이천시시설관리공단,공공기관,경기
2490,인사혁신처,공공기관,세종
2491,인천광역시 교육청,공공기관,인천
2492,인천광역시의료원,공공기관,인천
2493,인천광역시중구시설관리공단,공공기관,인천
2494,인천신용보증재단,공공기관,인천
2495,장수한우지방공사,공공기관,전북
2496,재단법인 가람문화재연구원,공공기관,울산
2497,재단법인 경기도가족여성연구원,공공기관,경기
2498,재단법인 경기도문화의전당,공공기관,경기
2499,재단법인 경북바이오산업연구원,공공기관,경북
2500,재단법인 광주과학기술진흥원,공공기관,광주
2501,재단법인 광주전남연구원,공공기관,전남
2502,재단법인 광주정보. 문화산업진흥원,공공기관,광주
2503,재단법인 국제원산지정보원,공공기관,경기
2504,재단법인 대구경북과학기술원,공공기관,대구
2505,재단법인 대구경북첨단의료산업진흥재단,공공기관,대구
2506,재단법인 대구문화재단,공공기관,대구
2507,재단법인 대구오페라하우스,공공기관,대구
2508,재단법인 부천문화재단,공공기관,경기
2509,재단법인 에너지경제연구원,공공기관,울산
2510,재단법인 예술경영지원센터,공공기관,서울
2511,재단법인 오송첨단의료산업진흥재단,공공기관,충북
2512,재단법인 인천경제산업정보테크노파크,공공기관,인천
2513,재단법인 인천광역시부평구 문화재단,공공기관,인천
2514,재단법인 인천발전연구원,공공기관,인천
2515,재단법인 일제강제동원피해자지원재단,공공기관,서울
2516,재단법인 전남복지재단,공공기관,전남
2517,재단법인 전라남도중소기업 종합지원센터,공공기관,전남
2518,재단법인 제주문화예술재단,공공기관,제주
2519,재단법인 제주여성가족연구원,공공기관,제주
2520,재단법인 제주특별자치도 경제통상진흥원,공공기관,제주
2521,재단법인 포항테크노파크,공공기관,경북
2522,재단법인 한국공예디자인문화진흥원,공공기관,서울
2523,재단법인 한국나노기술원,공공기관,경기
2524,재단법인 한국농촌경제연구원,공공기관,전남
2525,재단법인 한국데이터진흥원,공공기관,서울
2526,재단법인 한국로봇산업진흥원,공공기관,대구
2527,재외동포재단,공공기관,서울
2528,전남개발공사,공공기관,전남
2529,전남대학교병원,공공기관,광주
2530,전라남도 나주시청,공공기관,전남
2531,전라남도 신안군청,공공기관,전남
2532,전라남도 영광군청,공공기관,전남
2533,전라북도 고창군청,공공기관,전북
2534,전라북도 부안군청,공공기관,전북
2535,전라북도 완주군청,공공기관,전북
2536,전라북도 장수군청,공공기관,전북
2537,전라북도 진안군청,공공기관,전북
2538,전략물자관리원,공공기관,서울
2539,전북개발공사,공공기관,전북
2540,전쟁기념사업회,공공기관,서울
2541,정보통신산업진흥원,공공기관,충북
2542,정보통신정책연구원,공공기관,충북
2543,정부법무공단,공공기관,서울
2544,정선군시설관리공단,공공기관,강원
2545,제주대학교병원,공공기관,제주
2546,제주신용보증재단,공공기관,제주
2547,제주특별자치도 교육청,공공기관,제주
2548,제주특별자치도 제주의료원,공공기관,제주
2549,주식회사 강원랜드,공공기관,강원
2550,주식회사 워터웨이플러스,공공기관,경기
2551,주식회사 인천항보안공사,공공기관,인천
2552,주택관리공단 주식회사,공공기관,경남
2553,창원경륜공단,공공기관,경남
2554,청도공영사업공사,공공기관,경북
2555,청라국제어린이집,공공기관,인천
2556,춘천도시공사,공공기관,강원
2557,충남대학교병원,공공기관,대전
2558,충북대학교병원,공공기관,충북
2559,충청남도 계룡시청,공공기관,충남
2560,충청남도 서천군청,공공기관,충남
2561,충청남도 태안군청,공공기관,충남
2562,충청남도개발공사,공공기관,충남
2563,충청북도충주의료원,공공기관,충북
2564,코레일네트웍스(주),공공기관,서울
2565,코레일로지스(주),공공기관,경기
2566,코레일유통주식회사,공공기관,서울
2567,코레일테크(주),공공기관,대전
2568,태권도진흥재단,공공기관,전북
2569,통계청,공공기관,대전
2570,통영관광개발공사,공공기관,경남
2571,통일부,공공기관,서울
2572,통일연구원,공공기관,서울
2573,특허청,공공기관,대전
2574,평택도시공사,공공기관,경기
2575,포항시시설관리공단,공공기관,경북
2576,하남도시공사,공공기관,경기
2577,한국고전번역원,공공기관,서울
2578,한국공정거래조정원,공공기관,서울
2579,한국과학기술기획평가원,공공기관,서울
2580,한국과학기술원,공공기관,대전
2581,한국교육개발원,공공기관,충북
2582,한국교통연구원,공공기관,세종
2583,한국국방연구원,공공기관,서울
2584,한국국제보건의료재단,공공기관,서울
2585,한국기술교육대학교,공공기관,충남
2586,한국노동연구원,공공기관,세종
2587,한국도박문제관리센터,공공기관,서울
2588,한국디자인진흥원,공공기관,경기
2589,한국문화관광연구원,공공기관,서울
2590,한국문화예술교육진흥원,공공기관,서울
2591,한국문화재재단,공공기관,서울
2592,한국문화정보원,공공기관,서울
2593,한국문화진흥(주),공공기관,경기
2594,한국방송통신전파진흥원,공공기관,전남
2595,한국법무보호복지공단,공공기관,경북
2596,한국법제연구원,공공기관,세종
2597,한국보건사회연구원,공공기관,세종
2598,한국사학진흥재단,공공기관,대구
2599,한국사회복지협의회,공공기관,서울
2600,한국산림복지진흥원,공공기관,대전
2601,한국산업은행,공공기관,서울
2602,한국상하수도협회,공공기관,서울
2603,한국생명공학연구원,공공기관,대전
2604,한국석유관리원,공공기관,경기
2605,한국소방산업기술원,공공기관,경기
2606,한국수출입은행,공공기관,서울
2607,한국승강기안전공단,공공기관,경남
2608,한국시설안전공단,공공기관,경남
2609,한국식품안전관리인증원,공공기관,충북
2610,한국어촌어항협회,공공기관,서울
2611,한국언론진흥재단,공공기관,서울
2612,한국에너지공단,공공기관,경기
2613,한국에너지정보문화재단,공공기관,서울
2614,한국여성정책연구원,공공기관,서울
2615,한국영상자료원,공공기관,서울
2616,한국예술인복지재단,공공기관,서울
2617,한국원자력안전재단,공공기관,경기
2618,한국원자력의학원,공공기관,서울
2619,한국원자력통제기술원,공공기관,대전
2620,한국의료분쟁조정중재원,공공기관,서울
2621,한국의약품안전관리원,공공기관,경기
2622,한국저작권위원회,공공기관,경남
2623,한국전력 국제원자력대학원대학교,공공기관,울산
2624,한국조세재정연구원,공공기관,세종
2625,한국지방재정공제회,공공기관,서울
2626,한국직업능력개발원,공공기관,세종
2627,한국청소년정책연구원,공공기관,세종
2628,한국출판문화산업진흥원,공공기관,전북
2629,한국토지주택공사,공공기관,경남
2630,한국투자공사,공공기관,서울
2631,한국학중앙연구원,공공기관,경기
2632,한국해양수산개발원,공공기관,부산
2633,한국해양조사협회,공공기관,서울
2634,한국행정연구원,공공기관,서울
2635,한국형사정책연구원,공공기관,서울
2636,한국형수치예보모델개발사업단,공공기관,서울
2637,한약진흥재단,공공기관,경북
2638,한전케이피에스 주식회사,공공기관,전남
2639,항공안전기술원,공공기관,인천
2640,한국항로표지기술원,공공기관,세종
2641,해군2함대사령부2수리창,공공기관,경기
2642,해군본부,공공기관,충남
2643,해군정비창,공공기관,경남
2644,해양경찰청,공공기관,세종
2645,해양수산부,공공기관,세종
2646,행정중심복합도시건설청,공공기관,세종
2647,환경보전협회,공공기관,서울
2648,환경부,공공기관,세종
2649,(주)건화,대기업,경기
2650,(주)도화엔지니어링,대기업,서울
2651,(주)동일기술공사,대기업,서울
2652,(주)삼안,대기업,경기
2653,(주)삼우씨엠건축사사무소,대기업,서울
2654,(주)서영엔지니어링,대기업,경기
2655,(주)선진FS,대기업,경기
2656,(주)수성엔지니어링,대기업,경남
2657,(주)이산,대기업,경기
2658,(주)평화엔지니어링,대기업,전남
2659,(주)한국얀센,대기업,서울
2660,SK인천석유화학(주),대기업,인천
2661,국제약품(주),대기업,경기
2662,넷마블 주식회사,대기업,서울
2663,동부엔지니어링(주),대기업,경기
2664,두산중공업(주),대기업,경남
2665,롯데제이티비 주식회사,대기업,서울
2666,메트라이프생명보험(주),대기업,서울
2667,삼성화재서비스손해사정(주),대기업,서울
2668,에스케이엔카닷컴(주),대기업,서울
2669,에이치디씨신라면세점(주),대기업,서울
2670,에프앤유신용정보(주),대기업,서울
2671,엔에이치엔고도(주),대기업,서울
2672,주식회사 대교씨엔에스,대기업,서울
2673,주식회사 시큐아이,대기업,서울
2674,주식회사 얀센백신,대기업,인천
2675,주식회사 이랜드리테일,대기업,서울
2676,주식회사 티몬,대기업,서울
2677,주식회사 현대드림투어,대기업,서울
2678,지에스건설(주),대기업,서울
2679,케이티하이텔 주식회사,대기업,서울
2680,한겨레신문(주),대기업,서울
2681,한국먼디파마 유한회사,대기업,서울
2682,한국존슨앤드존슨판매(유),대기업,서울
2683,한국허벌라이프(주),대기업,서울
2684,한미약품(주),대기업,경기
2685,효성중공업(주),대기업,서울
2686,효성첨단소재(주),대기업,서울
2687,(유)목포신도DigitalOA,중소기업,전남
2688,(주)가디언넷,중소기업,서울
2689,(주)가비아,중소기업,경기
2690,(주)건양기술공사건축사사무소,중소기업,충북
2691,(주)건축사사무소광장,중소기업,경기
2692,(주)경동엔지니어링,중소기업,충남
2693,(주)경성리츠,중소기업,부산
2694,(주)경성엠티,중소기업,경남
2695,(주)고려아카데미컨설팅,중소기업,서울
2696,(주)고려티티알,중소기업,부산
2697,(주)광주요,중소기업,경기
2698,(주)교동식품,중소기업,충북
2699,(주)기업능력개발교육원,중소기업,세종
2700,(주)나노헬릭스,중소기업,대전
2701,(주)내자인,중소기업,서울
2702,(주)넥스틴,중소기업,경기
2703,(주)넬슨스포츠,중소기업,경기
2704,(주)다미화학,중소기업,서울
2705,(주)다비오,중소기업,서울
2706,(주)다산컨설턴트,중소기업,경북
2707,(주)단에이앤씨 종합건축사사무소,중소기업,인천
2708,(주)대림테크,중소기업,경기
2709,(주)대명콘스텍,중소기업,충북
2710,(주)대양엔지니어링,중소기업,경남
2711,(주)대영엔지니어링,중소기업,경남
2712,(주)대흥푸드,중소기업,인천
2713,(주)더부엔지니어링,중소기업,서울
2714,(주)덕원종합건설,중소기업,경남
2715,(주)덕진섬유,중소기업,대구
2716,(주)도남엔지니어링,중소기업,인천
2717,(주)도야지식품,중소기업,대구
2718,(주)도원엔지니어링건축사사무소,중소기업,대전
2719,(주)동림식품,중소기업,서울
2720,(주)동방종합건설건축사사무소,중소기업,대전
2721,(주)동서엔지니어링,중소기업,강원
2722,(주)동성엔지니어링,중소기업,경북
2723,(주)동아위드,중소기업,부산
2724,(주)동우이앤씨,중소기업,경북
2725,(주)동현엔지니어링,중소기업,세종
2726,(주)디지탈씨오에스,중소기업,서울
2727,(주)디지털,중소기업,충남
2728,(주)라셀르,중소기업,경기
2729,(주)라피네컬렉션,중소기업,서울
2730,(주)레드팟,중소기업,경기
2731,(주)레인보우커뮤니케이션,중소기업,서울
2732,(주)로이체,중소기업,충북
2733,(주)로하스테크,중소기업,대전
2734,(주)릴라이언스,중소기업,전북
2735,(주)마드레수산,중소기업,부산
2736,(주)마인드엘리베이션,중소기업,대구
2737,(주)멘퍼스,중소기업,광주
2738,(주)문다소,중소기업,경기
2739,(주)미가온푸드,중소기업,충남
2740,(주)미래기술단,중소기업,강원
2741,(주)미쓰윤,중소기업,서울
2742,(주)바이오에스텍,중소기업,충북
2743,(주)바이오프랜즈,중소기업,대전
2744,(주)범씨엠 건축사사무소,중소기업,서울
2745,(주)보듬,중소기업,충북
2746,(주)본시스,중소기업,충북
2747,(주)브레인MRO,중소기업,충남
2748,(주)블렌트,중소기업,서울
2749,(주)비스텔,중소기업,서울
2750,(주)비젼사이언스,중소기업,경북
2751,(주)산업공해연구소,중소기업,서울
2752,(주)삼진정밀,중소기업,대전
2753,(주)상지엔지니어링건축사사무소,중소기업,부산
2754,(주)석보유통,중소기업,경기
2755,(주)선영종합엔지니어링,중소기업,경기
2756,(주)세광종합기술단,중소기업,서울
2757,(주)세븐지엔씨,중소기업,서울
2758,(주)세일종합기술공사,중소기업,충남
2759,(주)세진햇김,중소기업,전남
2760,(주)세컨그라운드,중소기업,대전
2761,(주)셀메이트,중소기업,서울
2762,(주)소리대장간,중소기업,대전
2763,(주)수호경영연구원,중소기업,대전
2764,(주)시스원,중소기업,서울
2765,(주)신티에스,중소기업,서울
2766,(주)신화엔지니어링종합건축사사무소,중소기업,대전
2767,(주)신화티엔에스,중소기업,경기
2768,(주)심네트,중소기업,대전
2769,(주)쏘일테크엔지니어링,중소기업,경기
2770,(주)씨에스아이시스템즈,중소기업,서울
2771,(주)씨에스코리아,중소기업,경기
2772,(주)아라기술,중소기업,경북
2773,(주)아시안타이거즈 트랜스팩,중소기업,서울
2774,(주)아이디노,중소기업,부산
2775,(주)아이제이에스,중소기업,경북
2776,(주)아이티시,중소기업,대전
2777,(주)아이티에스비,중소기업,세종
2778,(주)아인스에스엔씨,중소기업,제주
2779,(주)알투비,중소기업,대전
2780,(주)알투컴,중소기업,서울
2781,(주)알파홀딩스,중소기업,경기
2782,(주)애니파이브,중소기업,서울
2783,(주)애드엑스포코리아,중소기업,서울
2784,(주)애드캡슐소프트,중소기업,서울
2785,(주)액션테크,중소기업,경기
2786,(주)어울림디자인,중소기업,대전
2787,(주)에스아이케이,중소기업,경기
2788,(주)에스엠하이텍,중소기업,경기
2789,(주)에스제이링크,중소기업,서울
2790,(주)에스티엠,중소기업,충북
2791,(주)에어사운드,중소기업,대전
2792,(주)에이스텍,중소기업,충북
2793,(주)에이텍티앤,중소기업,경기
2794,(주)에이티에스 진천,중소기업,충북
2795,(주)에이피케이어플킹,중소기업,서울
2796,(주)에프에이모스트,중소기업,서울
2797,(주)엔엠에스,중소기업,충북
2798,(주)엘씨구조시스템,중소기업,경북
2799,(주)엘이테크,중소기업,대전
2800,(주)엘트로닉스,중소기업,경기
2801,(주)엠씨,중소기업,서울
2802,(주)엠이에스티,중소기업,경남
2803,(주)엠지스포츠,중소기업,경기
2804,(주)엠텍정보,중소기업,광주
2805,(주)영남엘이디라이팅,중소기업,대구
2806,(주)영화키스톤건축사사무소,중소기업,서울
2807,(주)예평이앤씨,중소기업,서울
2808,(주)온더시스,중소기업,대전
2809,(주)우보종합전기,중소기업,대전
2810,(주)원앤씨,중소기업,경기
2811,(주)월드김영사,중소기업,서울
2812,(주)위놉스,중소기업,제주
2813,(주)위드공감,중소기업,경기
2814,(주)유라클,중소기업,서울
2815,(주)유신건축종합건축사사무소,중소기업,경기
2816,(주)유신플랜테크,중소기업,서울
2817,(주)유쎌,중소기업,전북
2818,(주)유엠아이,중소기업,대전
2819,(주)유영제약,중소기업,충북
2820,(주)유일엔지니어링종합건축사사무소,중소기업,경기
2821,(주)유컴패니온,중소기업,서울
2822,(주)유탑엔지니어링건축사사무소,중소기업,전남
2823,(주)이드엠,중소기업,광주
2824,(주)이랑텍,중소기업,경기
2825,(주)이앤엠테크,중소기업,충남
2826,(주)이에이치지,중소기업,광주
2827,(주)이엠스타,중소기업,서울
2828,(주)이음이엔지,중소기업,충북
2829,(주)이지지오,중소기업,부산
2830,(주)인사이드잡,중소기업,서울
2831,(주)인픽스,중소기업,서울
2832,(주)인해건설,중소기업,대전
2833,(주)장원리싸이클,중소기업,경기
2834,(주)정엔지니어링,중소기업,강원
2835,(주)제이씨원,중소기업,서울
2836,(주)제일,중소기업,대전
2837,(주)제타뱅크,중소기업,서울
2838,(주)조이라이프,중소기업,부산
2839,(주)종합건축사사무소가람건축,중소기업,서울
2840,(주)주노에프에이,중소기업,경기
2841,(주)쥬비스다이어트,중소기업,서울
2842,(주)지엠티,중소기업,경기
2843,(주)지오그린21,중소기업,서울
2844,(주)지오정보통신,중소기업,대전
2845,(주)천일,중소기업,서울
2846,(주)천일건축엔지니어링종합건축사사무소,중소기업,서울
2847,(주)청룡수산,중소기업,제주
2848,(주)체리쉬,중소기업,경기
2849,주식회사 코아트,중소기업,부산
2850,(주)컨트롤유니온코리아,중소기업,서울
2851,(주)케미탑,중소기업,충북
2852,(주)케이엠에스,중소기업,경기
2853,(주)코아스,중소기업,서울
2854,(주)쿠키아,중소기업,전남
2855,(주)쿡앱스,중소기업,경기
2856,(주)클래게임즈,중소기업,서울
2857,(주)태광개발,중소기업,서울
2858,(주)태광실업,중소기업,대전
2859,(주)태조엔지니어링,중소기업,서울
2860,(주)테스트테크,중소기업,충북
2861,(주)토펙엔지니어링건축사사무소,중소기업,제주
2862,(주)투이컨설팅,중소기업,서울
2863,(주)트랜드메카,중소기업,서울
2864,(주)티이엔,중소기업,충북
2865,(주)펨코엔지니어링건축사사무소,중소기업,서울
2866,(주)펫박스,중소기업,대전
2867,(주)평화고속관광,중소기업,대구
2868,(주)푸드웰,중소기업,대구
2869,(주)푸른농산,중소기업,경남
2870,(주)피에스테크,중소기업,경기
2871,(주)필라넷,중소기업,서울
2872,(주)하인스,중소기업,인천
2873,(주)하하푸드,중소기업,충북
2874,(주)한국종합건축사사무소,중소기업,서울
2875,(주)한국펄프,중소기업,충북
2876,(주)한국항만기술단,중소기업,서울
2877,(주)한글로벌컨버전스,중소기업,서울
2878,(주)한웅,중소기업,경기
2879,(주)한일식품,중소기업,경남
2880,(주)항도엔지니어링,중소기업,전북
2881,(주)헤드원컴퍼니,중소기업,서울
2882,(주)현우이엔씨,중소기업,세종
2883,(주)혜인이엔씨,중소기업,경남
2884,(주)훈민아이티,중소기업,세종
2885,(주)이가에이씨엠건축사사무소,중소기업,경북
2886,(주)휴먼텍코리아엔지니어링건축사사무소,중소기업,서울
2887,THE LASER,중소기업,충북
2888,가가자동차해체재활용산업,중소기업,충북
2889,가오약품,중소기업,대전
2890,감미화미용학원,중소기업,경남
2891,건영테크 주식회사,중소기업,경남
2892,경림산업(주),중소기업,제주
2893,경성약품(주),중소기업,대전
2894,고모텍(주),중소기업,경남
2895,고운세상김양제피부과의원,중소기업,부산
2896,광현시스템,중소기업,전북
2897,국제자동차정비공업사,중소기업,세종
2898,글로벌스퀘어 주식회사,중소기업,대전
2899,김병준 레다스 흉부외과의원,중소기업,부산
2900,꼬까참새,중소기업,경남
2901,나무애그림 주식회사,중소기업,전남
2902,나이프코리아(주),중소기업,인천
2903,나이프플러스(주),중소기업,인천
2904,네이처코스텍 주식회사,중소기업,충북
2905,넵코어스 주식회사,중소기업,대전
2906,노드정보기술(주),중소기업,서울
2907,노블레스피부과의원,중소기업,부산
2908,농업회사법인 써니빌 주식회사,중소기업,충남
2909,농업회사법인 주식회사 거인식품,중소기업,경북
2910,농업회사법인 태호농산주식회사,중소기업,충남
2911,다산기공(주),중소기업,전북
2912,다산조명,중소기업,충북
2913,닥터하스킨 주식회사,중소기업,대전
2914,대경기술 주식회사,중소기업,부산
2915,대도식품,중소기업,충북
2916,대동테크,중소기업,경북
2917,대륙식품(주),중소기업,전남
2918,대림종합개발(주),중소기업,충북
2919,대신네트웍스 주식회사,중소기업,충북
2920,대신네트웍스 주식회사,중소기업,충북
2921,대신네트웍스(주),중소기업,충북
2922,대원정보통신 주식회사,중소기업,충남
2923,대전광역시 동네빵집협동조합,중소기업,대전
2924,대한폴리텍(주),중소기업,경기
2925,더웰,중소기업,부산
2926,덕산정보통신(주),중소기업,인천
2927,동성테크 주식회사,중소기업,충남
2928,동일유리(주),중소기업,충북
2929,동환산업(주),중소기업,경남
2930,두방산업 주식회사,중소기업,경남
2931,디비밸리(주),중소기업,울산
2932,래어달메디컬코리아(유),중소기업,서울
2933,리녹스 주식회사,중소기업,부산
2934,리무진 닷컴,중소기업,경기
2935,마루젠키친프라자 주식회사,중소기업,경기
2936,매인에너지아(주),중소기업,대전
2937,메드니스 주식회사,중소기업,서울
2938,명전바이오 주식회사,중소기업,충북
2939,미래로21병원,중소기업,광주
2940,베이비뉴스 주식회사,중소기업,서울
2941,비제이푸드 유한회사 농업회사법인,중소기업,강원
2942,비즈(주),중소기업,대전
2943,뽀삐,중소기업,경남
2944,산업안전관리(주),중소기업,울산
2945,삼우기연(주),중소기업,충북
2946,삼우엔지니어링,중소기업,충북
2947,삼호정밀,중소기업,부산
2948,삼화텔콤,중소기업,부산
2949,새움기획,중소기업,서울
2950,선일물산(주),중소기업,전남
2951,성림첨단산업(주),중소기업,대구
2952,성산환경 주식회사,중소기업,전남
2953,세계식품(주),중소기업,부산
2954,세방전지총판 주식회사,중소기업,제주
2955,세영정보통신(주),중소기업,경북
2956,세준푸드,중소기업,경기
2957,소명기업,중소기업,울산
2958,솔젠트(주),중소기업,대전
2959,송림그라픽스,중소기업,전남
2960,송림기술(주),중소기업,서울
2961,수일종합환경(주),중소기업,부산
2962,수테크,중소기업,대구
2963,스튜디오씨드코리아 주식회사,중소기업,서울
2964,신기산업(주),중소기업,충남
2965,신용썬테크 주식회사,중소기업,충북
2966,아방데코,중소기업,경기
2967,아이로드(주),중소기업,세종
2968,아콘소프트 주식회사,중소기업,서울
2969,알에스테크(주),중소기업,충북
2970,에이피에너지 주식회사,중소기업,대전
2971,앤시정보기술 주식회사,중소기업,부산
2972,어깨동무 협동조합,중소기업,충북
2973,어업회사법인 신안새우젓 주식회사,중소기업,전남
2974,업싸이클 창작기술 협동조합,중소기업,충북
2975,에비뉴 주식회사,중소기업,전남
2976,에스씨에스프로 주식회사,중소기업,서울
2977,에스제이데이타 주식회사,중소기업,충북
2978,에스지티,중소기업,경남
2979,에스큐엔지니어링(주),중소기업,서울
2980,에이스이노텍(주),중소기업,대구
2981,효원HM,중소기업,부산
2982,에이치원종합기술,중소기업,울산
2983,엔비노드 주식회사,중소기업,경기
2984,엠디그린의원,중소기업,경기
2985,엠에스캠핑 주식회사,중소기업,경기
2986,엠제이 주식회사,중소기업,제주
2987,영농조합법인 부김농산,중소기업,전북
2988,㈜영우,중소기업,경기
2989,온,중소기업,충남
2990,와이즈브로 유한회사,중소기업,서울
2991,유진지오 주식회사,중소기업,대전
2992,유한회사 일마니,중소기업,전남
2993,이노라이즈컴퍼니,중소기업,경기
2994,이성씨엔아이 주식회사,중소기업,부산
2995,이원구조 엔지니어링,중소기업,경기
2996,일진인터내셔날 주식회사,중소기업,인천
2997,쟈베스코리아전자 (주),중소기업,서울
2998,정화실업(주),중소기업,대구
2999,제이비씨씨(주),중소기업,경기
3000,제이엘,중소기업,대구
3001,제이지비퍼블릭,중소기업,서울
3002,제일산업(주),중소기업,경북
3003,제일전기공업(주),중소기업,부산
3004,주식회사 612어학원,중소기업,경기
3005,주식회사 강순의명가,중소기업,전남
3006,주식회사 거성이엔씨,중소기업,충북
3007,주식회사 건일,중소기업,경기
3008,주식회사 건주,중소기업,충북
3009,주식회사 경동이엔지,중소기업,대구
3010,주식회사 경신산업,중소기업,경기
3011,주식회사 공팔리터,중소기업,서울
3012,주식회사 국도특장,중소기업,전북
3013,주식회사 그린씨에스,중소기업,대전
3014,주식회사 글로벌엠피에스,중소기업,강원
3015,주식회사 글로벌코딩연구소,중소기업,경남
3016,주식회사 금강전기,중소기업,제주
3017,주식회사 금성화학,중소기업,충북
3018,주식회사 금하테크,중소기업,광주
3019,주식회사 꿈그리다,중소기업,인천
3020,주식회사 꿈비,중소기업,대전
3021,주식회사 나노인터페이스 테크놀로지,중소기업,경기
3022,주식회사 나누미,중소기업,부산
3023,주식회사 나눔뜰,중소기업,세종
3024,주식회사 나래푸드텍,중소기업,경기
3025,주식회사 네스앤텍,중소기업,대전
3026,주식회사 네오프로브,중소기업,대전
3027,주식회사 농우,중소기업,인천
3028,주식회사 늘푸른바다,중소기업,부산
3029,주식회사 다산에너지,중소기업,대전
3030,주식회사 다스코포레이션,중소기업,서울
3031,주식회사 다우엔티,중소기업,대전
3032,주식회사 다이프로,중소기업,경기
3033,주식회사 대금산업안전,중소기업,경북
3034,주식회사 대보,중소기업,경기
3035,주식회사 대양건설,중소기업,경기
3036,주식회사 대호,중소기업,서울
3037,주식회사 대흥금속,중소기업,충남
3038,주식회사 더 해피트리,중소기업,경북
3039,주식회사 더라이징스타,중소기업,서울
3040,주식회사 도광,중소기업,세종
3041,주식회사 동성아이텍,중소기업,경기
3042,주식회사 드림오토,중소기업,충남
3043,주식회사 디앤티,중소기업,대전
3044,주식회사 디자인플레이,중소기업,제주
3045,주식회사 랑,중소기업,경기
3046,주식회사 레저큐,중소기업,서울
3047,주식회사 마루에프앤씨,중소기업,대전
3048,주식회사 마이크로필터,중소기업,충북
3049,주식회사 마인,중소기업,부산
3050,주식회사 메디팹,중소기업,서울
3051,주식회사 명인,중소기업,충남
3052,주식회사 무계상사,중소기업,경북
3053,주식회사 뭉치,중소기업,제주
3054,주식회사 미래우드,중소기업,전북
3055,주식회사 바다명가,중소기업,전남
3056,주식회사 바론,중소기업,충북
3057,주식회사 백암,중소기업,경기
3058,주식회사 버넥트,중소기업,전남
3059,주식회사 보만코리아,중소기업,전남
3060,주식회사 뷰티클로,중소기업,서울
3061,주식회사 브라이트코리아,중소기업,충남
3062,주식회사 블루렌트카,중소기업,제주
3063,주식회사 비즈엔몰드,중소기업,인천
3064,주식회사 사이드9,중소기업,서울
3065,주식회사 삼마,중소기업,세종
3066,주식회사 삼성이앤에스,중소기업,광주
3067,주식회사 삼양이앤디,중소기업,서울
3068,주식회사 삼오씨엔에스,중소기업,서울
3069,주식회사 삼정솔루션,중소기업,경기
3070,주식회사 삼화테크,중소기업,울산
3071,주식회사 새롬에프티,중소기업,충남
3072,주식회사 서진바이오텍,중소기업,경기
3073,주식회사 석원,중소기업,경북
3074,주식회사 선광이엔지,중소기업,충북
3075,주식회사 선테크,중소기업,경북
3076,주식회사 세미콘테스트,중소기업,충남
3077,주식회사 소유브랜딩,중소기업,전북
3078,주식회사 솔라라이트,중소기업,대구
3079,주식회사 솔루티스,중소기업,서울
3080,주식회사 슈퍼스타아이,중소기업,경기
3081,주식회사 슈프리마,중소기업,경기
3082,주식회사 슈프리마에이치큐,중소기업,경기
3083,주식회사 슈피겐코리아,중소기업,서울
3084,주식회사 스타메드,중소기업,경기
3085,주식회사 스타케이에스티,중소기업,부산
3086,주식회사 스탠더드시험연구소,중소기업,대전
3087,주식회사 스틸코,중소기업,충북
3088,주식회사 시스템아람,중소기업,대전
3089,주식회사 시즈너,중소기업,충북
3090,주식회사 신라시스템,중소기업,대구
3091,주식회사 신성아이씨티,중소기업,경기
3092,주식회사 신세대푸드,중소기업,경기
3093,주식회사 신아티앤씨,중소기업,서울
3094,주식회사 써치엠,중소기업,서울
3095,주식회사 씨브이티,중소기업,서울
3096,주식회사 씨앤제이타올,중소기업,대전
3097,주식회사 씨이피,중소기업,전북
3098,주식회사 씨티케이코스메틱스,중소기업,경기
3099,주식회사 아이넴,중소기업,대전
3100,주식회사 아이엠지,중소기업,경북
3101,주식회사 아이오티플렉스,중소기업,부산
3102,주식회사 아이제이,중소기업,울산
3103,주식회사 아토즈소프트,중소기업,서울
3104,주식회사 에스마루,중소기업,충남
3105,주식회사 에스엠면세점,중소기업,서울
3106,주식회사 에스티에이테스팅컨설팅,중소기업,서울
3107,주식회사 에이스중공업,중소기업,전북
3108,주식회사 에이직랜드,중소기업,경기
3109,주식회사 에이치앤비나인,중소기업,충북
3110,주식회사 에이티앤아이,중소기업,경북
3111,주식회사 에즈웰,중소기업,대전
3112,주식회사 에코센스,중소기업,서울
3113,주식회사 에코케이션,중소기업,경기
3114,주식회사 엑스바엑스,중소기업,서울
3115,주식회사 엑스퍼트컨설팅,중소기업,서울
3116,주식회사 엔티씨,중소기업,경기
3117,주식회사 엘림글로벌,중소기업,경기
3118,주식회사 엘아이씨티,중소기업,경기
3119,주식회사 오리진,중소기업,대전
3120,주식회사 오즈하우스,중소기업,경기
3121,주식회사 오토핸즈,중소기업,서울
3122,주식회사 와트로직,중소기업,서울
3123,주식회사 우리강산시스템,중소기업,서울
3124,주식회사 우리스틸테크판넬,중소기업,세종
3125,주식회사 우성에이스,중소기업,인천
3126,주식회사 원코퍼레이션,중소기업,서울
3127,주식회사 위더스플래닛,중소기업,경기
3128,주식회사 유로보,중소기업,서울
3129,주식회사 유진정보,중소기업,대전
3130,주식회사 유템,중소기업,경기
3131,주식회사 은혜기업,중소기업,광주
3132,주식회사 이노썬,중소기업,경기
3133,주식회사 이디엄,중소기업,서울
3134,주식회사 이앤이켐,중소기업,대전
3135,주식회사 이에이치엠,중소기업,세종
3136,주식회사 이엠,중소기업,전북
3137,주식회사 이플로트,중소기업,충남
3138,주식회사 인유어사이드,중소기업,경기
3139,주식회사 인페쏘,중소기업,인천
3140,주식회사 인피니트헬스케어,중소기업,서울
3141,주식회사 일진저스템,중소기업,경기
3142,주식회사 장민이엔씨,중소기업,서울
3143,주식회사 정석케미칼,중소기업,전북
3144,주식회사 정우물산,중소기업,충남
3145,주식회사 정원이앤티,중소기업,충북
3146,주식회사 정코스메틱,중소기업,충남
3147,주식회사 제이에이치씨,중소기업,충남
3148,주식회사 제이케이테크원,중소기업,경남
3149,주식회사 제주전기자동차서비스,중소기업,제주
3150,주식회사 젠큐릭스,중소기업,서울
3151,주식회사 젠픽스,중소기업,부산
3152,주식회사 주월싱싱봉제사업단,중소기업,광주
3153,주식회사 중앙환경,중소기업,경남
3154,주식회사 지란지교소프트,중소기업,대전
3155,주식회사 지에스티에스,중소기업,경기
3156,주식회사 지엔비,중소기업,경기
3157,주식회사 지엠아이그룹,중소기업,부산
3158,주식회사 지오앤,중소기업,강원
3159,주식회사 지오플랜코리아,중소기업,경기
3160,주식회사 진셀팜,중소기업,서울
3161,주식회사 창경,중소기업,광주
3162,주식회사 철산엔터테인먼트,중소기업,서울
3163,주식회사 청운자원,중소기업,충북
3164,주식회사 청호정밀,중소기업,충남
3165,주식회사 카시모,중소기업,충남
3166,주식회사 카이저솔루션,중소기업,서울
3167,주식회사 케미탑상사,중소기업,충북
3168,주식회사 케이에스팜,중소기업,충남
3169,주식회사 코리아에스디,중소기업,서울
3170,주식회사 코맥스,중소기업,경기
3171,주식회사 코아드,중소기업,경기
3172,주식회사 코아콤,중소기업,충북
3173,주식회사 코이션,중소기업,대전
3174,주식회사 코젠바이오텍,중소기업,서울
3175,주식회사 쿨스,중소기업,부산
3176,주식회사 쿱커피랩,중소기업,경기
3177,주식회사 키스톤에너지,중소기업,부산
3178,주식회사 탑텍,중소기업,경기
3179,주식회사 탑피엔씨,중소기업,충남
3180,주식회사 태평양,중소기업,전북
3181,주식회사 투스라이프,중소기업,경기
3182,주식회사 티디엘,중소기업,광주
3183,주식회사 티비에스파트너스,중소기업,부산
3184,주식회사 티제이씨라이프,중소기업,서울
3185,주식회사 팀엘리시움,중소기업,서울
3186,주식회사 파로스넷,중소기업,경기
3187,주식회사 파운트,중소기업,서울
3188,주식회사 파워토스,중소기업,경기
3189,주식회사 파워풀엑스,중소기업,서울
3190,주식회사 팜월드,중소기업,경기
3191,주식회사 펠리즈코스,중소기업,충북
3192,주식회사 포에스텍,중소기업,인천
3193,주식회사 프라임휴먼텍,중소기업,부산
3194,주식회사 피앤피소프트,중소기업,경기
3195,주식회사 피에스디이,중소기업,경기
3196,주식회사 피엔아이컴퍼니,중소기업,제주
3197,주식회사 피코팩,중소기업,대전
3198,주식회사 하나애드아이엠씨,중소기업,서울
3199,주식회사 하다,중소기업,전북
3200,주식회사 하이로닉,중소기업,경기
3201,주식회사 하이브랩,중소기업,경기
3202,주식회사 하이푸드,중소기업,전북
3203,주식회사 한국건설방재연구원,중소기업,서울
3204,주식회사 한국직업개발원,중소기업,서울
3205,주식회사 한길외장,중소기업,서울
3206,주식회사 한빛코리아,중소기업,대전
3207,주식회사 한빛테크놀로지,중소기업,충북
3208,주식회사 한탑,중소기업,경기
3209,주식회사 해진이엔씨,중소기업,제주
3210,주식회사 현대화이어웍스,중소기업,경북
3211,주식회사 호산,중소기업,강원
3212,주식회사 홍당무,중소기업,경기
3213,주식회사 화인특장,중소기업,광주
3214,주식회사 효신테크,중소기업,인천
3215,주식회사 훔볼트,중소기업,강원
3216,주식회사 휴엔,중소기업,충남
3217,주식회사 휴플러스,중소기업,경기
3218,중경기술 주식회사,중소기업,경기
3219,진성네트웍스 주식회사,중소기업,충북
3220,참바다영어조합법인,중소기업,전북
3221,채움푸드,중소기업,충남
3222,첨단제어시스템 주식회사,중소기업,충북
3223,춘천LPG충전소,중소기업,강원
3224,케이에프앤에스 주식회사,중소기업,서울
3225,케이제이코,중소기업,충북
3226,켈리서비스 유한회사,중소기업,서울
3227,코스마일 코퍼레이션,중소기업,부산
3228,콜라보에어(주),중소기업,대전
3229,쿠도커뮤니케이션(주),중소기업,서울
3230,크린월드,중소기업,경기
3231,키넷 주식회사,중소기업,울산
3232,탐 솔루션,중소기업,서울
3233,(주)탑텍,중소기업,충남
3234,태백제어시스템,중소기업,강원
3235,태성네트웍스 주식회사,중소기업,충남
3236,태웅식품 주식회사,중소기업,충북
3237,티앤에스(주),중소기업,충남
3238,포인트씨엠,중소기업,서울
3239,하나로애드컴,중소기업,서울
3240,한국농식품분석연구소 주식회사,중소기업,전남
3241,한국다이이찌산쿄 주식회사,중소기업,서울
3242,한국물류시스템 주식회사,중소기업,충남
3243,한국승강기 주식회사,중소기업,경기
3244,한국아이엠에스헬스(주),중소기업,서울
3245,한국유씨비제약(주),중소기업,서울
3246,한국장애인편의증진협의회(주),중소기업,대전
3247,한국종합환경산업(주),중소기업,부산
3248,한울푸드,중소기업,경북
3249,한울환경(주),중소기업,충남
3250,한일원자력(주),중소기업,경기
3251,현진제업(주),중소기업,경기
3252,호스트센터(주),중소기업,서울
3253,효심 주식회사,중소기업,경기
3254,훼스텍(주),중소기업,서울
3255,휠러스 주식회사,중소기업,대전
3256,휴디스,중소기업,대전
3257,휴먼테크 주식회사,중소기업,충남
3258,(사)대한산업안전협회,공공기관,서울
3259,(사)한국콩가공식품협회,공공기관,서울
3260,(재)국제방송교류재단,공공기관,서울
3261,(재)부산광역시 도시재생지원센터,공공기관,부산
3262,(재)부천산업진흥재단,공공기관,경기
3263,(재)장애인기업종합지원센터,공공기관,서울
3264,(재)한국에너지재단,공공기관,서울
3265,(주)공영홈쇼핑,공공기관,서울
3266,경기도 수원월드컵경기장관리재단,공공기관,경기
3267,경북신용보증재단,공공기관,경북
3268,경북지방경찰청,공공기관,경북
3269,경제·인문사회연구회,공공기관,세종
3270,공군교육사령부,공공기관,경남
3271,공군군수사령부,공공기관,대구
3272,공군본부,공공기관,충남
3273,공군사관학교,공공기관,충북
3274,교육사령부,공공기관,대전
3275,구리도시공사,공공기관,경기
3276,국가과학기술인력개발원,공공기관,충북
3277,국군인쇄창,공공기관,충남
3278,국군재정관리단,공공기관,서울
3279,국립국제교육원,공공기관,경기
3280,대구경북과학기술원부설 한국뇌연구원,공공기관,대구
3281,대구경북연구원,공공기관,대구
3282,대한장애인체육회,공공기관,서울
3283,밀양시시설관리공단,공공기관,경남
3284,사단법인 한국발전교육원,공공기관,충남
3285,사회복지법인 함께하는마음재단,공공기관,대구
3286,서민금융진흥원,공공기관,서울
3287,서울교통공사,공공기관,서울
3288,서울에너지공사,공공기관,서울
3289,서울특별시 서울의료원,공공기관,서울
3290,성수종합사회복지관,공공기관,서울
3291,세종특별자치시시설관리공단,공공기관,세종
3292,수원시 지속가능 도시재단,공공기관,경기
3293,양평공사,공공기관,경기
3294,영양고추유통공사,공공기관,경북
3295,육군3사관학교,공공기관,경북
3296,육군군수사령부,공공기관,대전
3297,육군본부,공공기관,충남
3298,육군사관학교,공공기관,서울
3299,육군인사사령부,공공기관,충남
3300,육군제3808부대,공공기관,대전
3301,재단법인 광주영어방송,공공기관,광주
3302,재단법인 녹색에너지연구원,공공기관,전남
3303,재단법인 부천시여성청소년재단,공공기관,경기
3304,재단법인 서울관광재단,공공기관,서울
3305,재단법인 의정부시청소년육성재단,공공기관,경기
3306,재단법인 전라남도청소년미래재단,공공기관,전남
3307,재단법인 제주4.3평화재단,공공기관,제주
3308,재단법인 제주연구원,공공기관,제주
3309,재단법인 제주한의약연구원,공공기관,제주
3310,재단법인 한국장기조직기증원,공공기관,서울
3311,재단법인 한국저작권보호원,공공기관,서울
3312,전남대학교,공공기관,광주
3313,전남신용보증재단,공공기관,전남
3314,전북신용보증재단,공공기관,전북
3315,충북신용보증재단,공공기관,충북
3316,충주시시설관리공단,공공기관,충북
3317,한국로봇융합연구원,공공기관,경북
3318,한국수목원관리원,공공기관,경북
3319,한국식품연구원부설 세계김치연구소,공공기관,광주
3320,한국재정정보원,공공기관,서울
3321,해군교육사령부,공공기관,경남
3322,해군군수사령부지출관,공공기관,경남
3323,해군보급창,공공기관,경남
3324,해군제1함대사령부,공공기관,강원
3325,해군제2함대사령부,공공기관,경기
3326,해군제3함대사령부,공공기관,전남
3327,해군진해기지사령부,공공기관,경남
3328,해병대사령부,공공기관,경기
