"성별(1)","연령별(1)","산업대분류별(1)",2020,2020,2020,2020,2020,2020
"성별(1)","연령별(1)","산업대분류별(1)",월임금총액 (천원),월급여액 (천원),정액급여 (천원),초과급여 (천원),연간특별금여액 (천원),임금격차 (%)
"전체","계","전체",3757,3318,3118,200,5268,-
"전체","계","A.농업, 임업 및 어업(01~03)",3426,2912,2825,86,6172,-
"전체","계","B.광업(05~08)",4188,3758,3295,463,5160,-
"전체","계","C.제조업(10~34)",3910,3350,3003,347,6720,-
"전체","계","D.전기, 가스, 증기 및 공기 조절 공급업(35)",6252,4833,4509,324,17031,-
"전체","계","E.수도, 하수 및 폐기물 처리, 원료 재생업(36~39)",3861,3529,3172,357,3992,-
"전체","계","F.건설업(41~42)",3811,3576,3421,154,2822,-
"전체","계","G.도매 및 소매업(45~47)",3729,3368,3272,96,4337,-
"전체","계","H.운수 및 창고업(49~52)",3410,3018,2719,300,4703,-
"전체","계","I.숙박 및 음식점업(55~56)",2294,2214,2086,129,958,-
"전체","계","J.정보통신업(58~63)",4558,4105,3957,148,5436,-
"전체","계","K.금융 및 보험업(64~66)",6083,4618,4489,129,17589,-
"전체","계","L.부동산업(68)",2874,2658,2597,61,2587,-
"전체","계","M.전문, 과학 및 기술 서비스업(70~73)",4933,4242,4069,173,8300,-
"전체","계","N.사업시설 관리, 사업 지원 및 임대 서비스업(74~76)",3086,2838,2684,154,2969,-
"전체","계","P.교육 서비스업(85)",3689,3425,3377,48,3172,-
"전체","계","Q.보건업 및 사회복지서비스업(86~87)",2877,2705,2586,119,2059,-
"전체","계","R 예술, 스포츠 및 여가관련 서비스업(90~91)",3007,2796,2633,162,2543,-
"전체","계","S 협회 및 단체, 수리 및 기타 개인 서비스업(94~96)",3065,2794,2697,96,3256,-
"전체","~ 19세","전체",1606,1575,1474,101,372,-
"전체","~ 19세","A.농업, 임업 및 어업(01~03)",2183,2072,2072,0,1323,-
"전체","~ 19세","B.광업(05~08)",1974,1974,1810,164,-,-
"전체","~ 19세","C.제조업(10~34)",1985,1941,1731,210,526,-
"전체","~ 19세","D.전기, 가스, 증기 및 공기 조절 공급업(35)",2455,2280,2179,101,2103,-
"전체","~ 19세","E.수도, 하수 및 폐기물 처리, 원료 재생업(36~39)",2615,2589,2382,207,309,-
"전체","~ 19세","F.건설업(41~42)",2098,2073,1992,81,308,-
"전체","~ 19세","G.도매 및 소매업(45~47)",1745,1721,1616,105,286,-
"전체","~ 19세","H.운수 및 창고업(49~52)",2071,2047,1970,77,287,-
"전체","~ 19세","I.숙박 및 음식점업(55~56)",868,866,840,26,16,-
"전체","~ 19세","J.정보통신업(58~63)",2061,1907,1886,20,1844,-
"전체","~ 19세","K.금융 및 보험업(64~66)",2391,2270,2225,45,1454,-
"전체","~ 19세","L.부동산업(68)",1979,1916,1900,16,748,-
"전체","~ 19세","M.전문, 과학 및 기술 서비스업(70~73)",1862,1789,1780,9,871,-
"전체","~ 19세","N.사업시설 관리, 사업 지원 및 임대 서비스업(74~76)",1804,1778,1683,95,319,-
"전체","~ 19세","P.교육 서비스업(85)",1675,1671,1662,9,52,-
"전체","~ 19세","Q.보건업 및 사회복지서비스업(86~87)",1953,1947,1837,110,70,-
"전체","~ 19세","R 예술, 스포츠 및 여가관련 서비스업(90~91)",1699,1688,1644,44,137,-
"전체","~ 19세","S 협회 및 단체, 수리 및 기타 개인 서비스업(94~96)",1230,1226,1198,28,46,-
"전체","20 ~ 24","전체",2249,2143,1986,157,1275,-
"전체","20 ~ 24","A.농업, 임업 및 어업(01~03)",2209,2110,2028,82,1187,-
"전체","20 ~ 24","B.광업(05~08)",2427,2343,2142,201,1013,-
"전체","20 ~ 24","C.제조업(10~34)",2554,2372,2029,343,2189,-
"전체","20 ~ 24","D.전기, 가스, 증기 및 공기 조절 공급업(35)",3832,3159,2904,255,8073,-
"전체","20 ~ 24","E.수도, 하수 및 폐기물 처리, 원료 재생업(36~39)",2695,2583,2310,273,1351,-
"전체","20 ~ 24","F.건설업(41~42)",2290,2230,2137,94,714,-
"전체","20 ~ 24","G.도매 및 소매업(45~47)",2086,2014,1952,62,871,-
"전체","20 ~ 24","H.운수 및 창고업(49~52)",2479,2387,2234,154,1103,-
"전체","20 ~ 24","I.숙박 및 음식점업(55~56)",1497,1480,1402,78,210,-
"전체","20 ~ 24","J.정보통신업(58~63)",2290,2246,2188,59,524,-
"전체","20 ~ 24","K.금융 및 보험업(64~66)",2801,2449,2383,65,4222,-
"전체","20 ~ 24","L.부동산업(68)",2168,2054,1999,55,1365,-
"전체","20 ~ 24","M.전문, 과학 및 기술 서비스업(70~73)",2293,2203,2144,60,1075,-
"전체","20 ~ 24","N.사업시설 관리, 사업 지원 및 임대 서비스업(74~76)",2077,2011,1927,84,781,-
"전체","20 ~ 24","P.교육 서비스업(85)",1949,1934,1905,29,178,-
"전체","20 ~ 24","Q.보건업 및 사회복지서비스업(86~87)",2382,2280,2136,144,1227,-
"전체","20 ~ 24","R 예술, 스포츠 및 여가관련 서비스업(90~91)",1812,1761,1681,80,618,-
"전체","20 ~ 24","S 협회 및 단체, 수리 및 기타 개인 서비스업(94~96)",1834,1786,1738,48,577,-
"전체","25 ~ 29","전체",2871,2618,2432,186,3035,-
"전체","25 ~ 29","A.농업, 임업 및 어업(01~03)",2432,2257,2158,100,2095,-
"전체","25 ~ 29","B.광업(05~08)",2987,2787,2448,338,2408,-
"전체","25 ~ 29","C.제조업(10~34)",3064,2699,2351,348,4383,-
"전체","25 ~ 29","D.전기, 가스, 증기 및 공기 조절 공급업(35)",4051,3327,3096,231,8691,-
"전체","25 ~ 29","E.수도, 하수 및 폐기물 처리, 원료 재생업(36~39)",2991,2795,2488,308,2347,-
"전체","25 ~ 29","F.건설업(41~42)",2791,2648,2507,140,1720,-
"전체","25 ~ 29","G.도매 및 소매업(45~47)",2778,2568,2473,95,2513,-
"전체","25 ~ 29","H.운수 및 창고업(49~52)",2896,2639,2454,186,3079,-
"전체","25 ~ 29","I.숙박 및 음식점업(55~56)",2107,2041,1920,121,785,-
"전체","25 ~ 29","J.정보통신업(58~63)",2853,2712,2628,84,1692,-
"전체","25 ~ 29","K.금융 및 보험업(64~66)",3490,2887,2778,109,7237,-
"전체","25 ~ 29","L.부동산업(68)",2918,2698,2604,94,2638,-
"전체","25 ~ 29","M.전문, 과학 및 기술 서비스업(70~73)",3203,2881,2742,139,3860,-
"전체","25 ~ 29","N.사업시설 관리, 사업 지원 및 임대 서비스업(74~76)",2516,2365,2254,111,1809,-
"전체","25 ~ 29","P.교육 서비스업(85)",2287,2239,2192,47,574,-
"전체","25 ~ 29","Q.보건업 및 사회복지서비스업(86~87)",2836,2644,2453,192,2306,-
"전체","25 ~ 29","R 예술, 스포츠 및 여가관련 서비스업(90~91)",2415,2295,2163,132,1437,-
"전체","25 ~ 29","S 협회 및 단체, 수리 및 기타 개인 서비스업(94~96)",2397,2239,2146,93,1894,-
"전체","30 ~ 34","전체",3464,3057,2856,201,4883,-
"전체","30 ~ 34","A.농업, 임업 및 어업(01~03)",2810,2477,2383,95,3987,-
"전체","30 ~ 34","B.광업(05~08)",3584,3207,2723,483,4531,-
"전체","30 ~ 34","C.제조업(10~34)",3503,2992,2645,347,6128,-
"전체","30 ~ 34","D.전기, 가스, 증기 및 공기 조절 공급업(35)",4792,3706,3436,269,13037,-
"전체","30 ~ 34","E.수도, 하수 및 폐기물 처리, 원료 재생업(36~39)",3328,3061,2770,292,3200,-
"전체","30 ~ 34","F.건설업(41~42)",3507,3241,3065,176,3199,-
"전체","30 ~ 34","G.도매 및 소매업(45~47)",3352,3036,2934,102,3792,-
"전체","30 ~ 34","H.운수 및 창고업(49~52)",3310,2911,2682,229,4789,-
"전체","30 ~ 34","I.숙박 및 음식점업(55~56)",2500,2385,2243,142,1387,-
"전체","30 ~ 34","J.정보통신업(58~63)",3654,3378,3252,126,3322,-
"전체","30 ~ 34","K.금융 및 보험업(64~66)",4512,3544,3426,118,11617,-
"전체","30 ~ 34","L.부동산업(68)",3467,3094,3002,92,4484,-
"전체","30 ~ 34","M.전문, 과학 및 기술 서비스업(70~73)",4139,3558,3388,170,6974,-
"전체","30 ~ 34","N.사업시설 관리, 사업 지원 및 임대 서비스업(74~76)",2994,2750,2621,129,2922,-
"전체","30 ~ 34","P.교육 서비스업(85)",2757,2625,2573,52,1588,-
"전체","30 ~ 34","Q.보건업 및 사회복지서비스업(86~87)",3184,2966,2810,156,2614,-
"전체","30 ~ 34","R 예술, 스포츠 및 여가관련 서비스업(90~91)",2754,2563,2413,151,2283,-
"전체","30 ~ 34","S 협회 및 단체, 수리 및 기타 개인 서비스업(94~96)",2794,2563,2467,97,2765,-
"전체","35 ~ 39","전체",4000,3495,3275,221,6053,-
"전체","35 ~ 39","A.농업, 임업 및 어업(01~03)",3295,2805,2710,95,5885,-
"전체","35 ~ 39","B.광업(05~08)",4028,3524,3153,370,6051,-
"전체","35 ~ 39","C.제조업(10~34)",3965,3374,3009,365,7097,-
"전체","35 ~ 39","D.전기, 가스, 증기 및 공기 조절 공급업(35)",5632,4323,4009,313,15716,-
"전체","35 ~ 39","E.수도, 하수 및 폐기물 처리, 원료 재생업(36~39)",3676,3313,3003,311,4348,-
"전체","35 ~ 39","F.건설업(41~42)",3852,3545,3334,211,3686,-
"전체","35 ~ 39","G.도매 및 소매업(45~47)",3867,3487,3380,107,4554,-
"전체","35 ~ 39","H.운수 및 창고업(49~52)",3625,3165,2898,267,5518,-
"전체","35 ~ 39","I.숙박 및 음식점업(55~56)",2737,2620,2487,132,1415,-
"전체","35 ~ 39","J.정보통신업(58~63)",4588,4178,4008,170,4921,-
"전체","35 ~ 39","K.금융 및 보험업(64~66)",5587,4243,4108,135,16129,-
"전체","35 ~ 39","L.부동산업(68)",3784,3321,3224,96,5567,-
"전체","35 ~ 39","M.전문, 과학 및 기술 서비스업(70~73)",4991,4238,4038,200,9033,-
"전체","35 ~ 39","N.사업시설 관리, 사업 지원 및 임대 서비스업(74~76)",3237,2945,2771,174,3504,-
"전체","35 ~ 39","P.교육 서비스업(85)",3112,2916,2874,42,2349,-
"전체","35 ~ 39","Q.보건업 및 사회복지서비스업(86~87)",3701,3457,3313,145,2918,-
"전체","35 ~ 39","R 예술, 스포츠 및 여가관련 서비스업(90~91)",3098,2838,2651,187,3115,-
"전체","35 ~ 39","S 협회 및 단체, 수리 및 기타 개인 서비스업(94~96)",3115,2839,2734,105,3315,-
"전체","40 ~ 44","전체",4346,3778,3557,221,6811,-
"전체","40 ~ 44","A.농업, 임업 및 어업(01~03)",3842,3228,3116,112,7373,-
"전체","40 ~ 44","B.광업(05~08)",4394,3822,3369,453,6864,-
"전체","40 ~ 44","C.제조업(10~34)",4332,3661,3293,367,8054,-
"전체","40 ~ 44","D.전기, 가스, 증기 및 공기 조절 공급업(35)",6620,5097,4750,347,18271,-
"전체","40 ~ 44","E.수도, 하수 및 폐기물 처리, 원료 재생업(36~39)",3979,3581,3219,362,4772,-
"전체","40 ~ 44","F.건설업(41~42)",3974,3697,3502,195,3321,-
"전체","40 ~ 44","G.도매 및 소매업(45~47)",4269,3817,3724,92,5425,-
"전체","40 ~ 44","H.운수 및 창고업(49~52)",3907,3372,3049,322,6420,-
"전체","40 ~ 44","I.숙박 및 음식점업(55~56)",2870,2723,2591,133,1758,-
"전체","40 ~ 44","J.정보통신업(58~63)",5418,4885,4690,195,6404,-
"전체","40 ~ 44","K.금융 및 보험업(64~66)",6530,4933,4794,139,19171,-
"전체","40 ~ 44","L.부동산업(68)",4192,3631,3536,95,6729,-
"전체","40 ~ 44","M.전문, 과학 및 기술 서비스업(70~73)",5757,4849,4634,215,10895,-
"전체","40 ~ 44","N.사업시설 관리, 사업 지원 및 임대 서비스업(74~76)",3410,3100,2911,189,3720,-
"전체","40 ~ 44","P.교육 서비스업(85)",3809,3541,3493,48,3225,-
"전체","40 ~ 44","Q.보건업 및 사회복지서비스업(86~87)",3515,3273,3163,110,2906,-
"전체","40 ~ 44","R 예술, 스포츠 및 여가관련 서비스업(90~91)",3495,3178,2965,213,3801,-
"전체","40 ~ 44","S 협회 및 단체, 수리 및 기타 개인 서비스업(94~96)",3414,3085,2960,124,3951,-
"전체","45 ~ 49","전체",4454,3866,3641,225,7060,-
"전체","45 ~ 49","A.농업, 임업 및 어업(01~03)",4425,3626,3538,88,9589,-
"전체","45 ~ 49","B.광업(05~08)",4458,3953,3418,536,6059,-
"전체","45 ~ 49","C.제조업(10~34)",4380,3723,3343,380,7879,-
"전체","45 ~ 49","D.전기, 가스, 증기 및 공기 조절 공급업(35)",7435,5625,5237,388,21709,-
"전체","45 ~ 49","E.수도, 하수 및 폐기물 처리, 원료 재생업(36~39)",4221,3791,3385,406,5160,-
"전체","45 ~ 49","F.건설업(41~42)",4146,3880,3708,172,3196,-
"전체","45 ~ 49","G.도매 및 소매업(45~47)",4363,3904,3795,109,5500,-
"전체","45 ~ 49","H.운수 및 창고업(49~52)",4060,3528,3150,378,6382,-
"전체","45 ~ 49","I.숙박 및 음식점업(55~56)",2727,2581,2432,149,1751,-
"전체","45 ~ 49","J.정보통신업(58~63)",6177,5450,5275,175,8727,-
"전체","45 ~ 49","K.금융 및 보험업(64~66)",7824,5791,5634,157,24404,-
"전체","45 ~ 49","L.부동산업(68)",3753,3333,3254,79,5038,-
"전체","45 ~ 49","M.전문, 과학 및 기술 서비스업(70~73)",6338,5327,5124,203,12134,-
"전체","45 ~ 49","N.사업시설 관리, 사업 지원 및 임대 서비스업(74~76)",3603,3259,3074,185,4131,-
"전체","45 ~ 49","P.교육 서비스업(85)",4212,3855,3806,49,4287,-
"전체","45 ~ 49","Q.보건업 및 사회복지서비스업(86~87)",3071,2866,2771,95,2460,-
"전체","45 ~ 49","R 예술, 스포츠 및 여가관련 서비스업(90~91)",3748,3430,3204,226,3812,-
"전체","45 ~ 49","S 협회 및 단체, 수리 및 기타 개인 서비스업(94~96)",3589,3216,3099,117,4472,-
"전체","50 ~ 54","전체",4398,3789,3562,227,7302,-
"전체","50 ~ 54","A.농업, 임업 및 어업(01~03)",4591,3777,3694,83,9763,-
"전체","50 ~ 54","B.광업(05~08)",4597,4042,3537,505,6660,-
"전체","50 ~ 54","C.제조업(10~34)",4382,3670,3306,364,8549,-
"전체","50 ~ 54","D.전기, 가스, 증기 및 공기 조절 공급업(35)",8330,6308,5877,431,24263,-
"전체","50 ~ 54","E.수도, 하수 및 폐기물 처리, 원료 재생업(36~39)",4290,3910,3502,408,4560,-
"전체","50 ~ 54","F.건설업(41~42)",4357,4099,3951,149,3096,-
"전체","50 ~ 54","G.도매 및 소매업(45~47)",4039,3545,3438,107,5921,-
"전체","50 ~ 54","H.운수 및 창고업(49~52)",3859,3355,2965,390,6041,-
"전체","50 ~ 54","I.숙박 및 음식점업(55~56)",2531,2433,2284,149,1177,-
"전체","50 ~ 54","J.정보통신업(58~63)",6809,5752,5540,212,12689,-
"전체","50 ~ 54","K.금융 및 보험업(64~66)",8640,6306,6166,140,28008,-
"전체","50 ~ 54","L.부동산업(68)",3760,3367,3301,67,4717,-
"전체","50 ~ 54","M.전문, 과학 및 기술 서비스업(70~73)",6684,5627,5419,209,12677,-
"전체","50 ~ 54","N.사업시설 관리, 사업 지원 및 임대 서비스업(74~76)",3746,3397,3211,187,4183,-
"전체","50 ~ 54","P.교육 서비스업(85)",4702,4291,4240,51,4932,-
"전체","50 ~ 54","Q.보건업 및 사회복지서비스업(86~87)",2927,2743,2644,99,2213,-
"전체","50 ~ 54","R 예술, 스포츠 및 여가관련 서비스업(90~91)",3683,3389,3196,193,3524,-
"전체","50 ~ 54","S 협회 및 단체, 수리 및 기타 개인 서비스업(94~96)",3483,3087,2984,103,4758,-
"전체","55 ~ 59","전체",3971,3478,3265,213,5921,-
"전체","55 ~ 59","A.농업, 임업 및 어업(01~03)",4430,3609,3510,99,9854,-
"전체","55 ~ 59","B.광업(05~08)",4578,4060,3545,515,6217,-
"전체","55 ~ 59","C.제조업(10~34)",4230,3552,3208,344,8137,-
"전체","55 ~ 59","D.전기, 가스, 증기 및 공기 조절 공급업(35)",8061,6250,5925,325,21734,-
"전체","55 ~ 59","E.수도, 하수 및 폐기물 처리, 원료 재생업(36~39)",4298,3925,3509,416,4481,-
"전체","55 ~ 59","F.건설업(41~42)",4009,3795,3685,110,2578,-
"전체","55 ~ 59","G.도매 및 소매업(45~47)",3959,3539,3457,82,5040,-
"전체","55 ~ 59","H.운수 및 창고업(49~52)",3429,3019,2652,366,4925,-
"전체","55 ~ 59","I.숙박 및 음식점업(55~56)",2452,2372,2229,144,950,-
"전체","55 ~ 59","J.정보통신업(58~63)",6139,5086,4867,219,12638,-
"전체","55 ~ 59","K.금융 및 보험업(64~66)",7352,5566,5461,104,21431,-
"전체","55 ~ 59","L.부동산업(68)",3263,2991,2930,61,3264,-
"전체","55 ~ 59","M.전문, 과학 및 기술 서비스업(70~73)",6664,5705,5535,170,11512,-
"전체","55 ~ 59","N.사업시설 관리, 사업 지원 및 임대 서비스업(74~76)",3268,2991,2815,177,3322,-
"전체","55 ~ 59","P.교육 서비스업(85)",5141,4680,4625,55,5532,-
"전체","55 ~ 59","Q.보건업 및 사회복지서비스업(86~87)",2427,2304,2212,93,1474,-
"전체","55 ~ 59","R 예술, 스포츠 및 여가관련 서비스업(90~91)",3394,3147,2986,161,2966,-
"전체","55 ~ 59","S 협회 및 단체, 수리 및 기타 개인 서비스업(94~96)",3343,3028,2944,84,3783,-
"전체","60세 ~","전체",2886,2742,2638,104,1724,-
"전체","60세 ~","A.농업, 임업 및 어업(01~03)",2232,1976,1934,43,3067,-
"전체","60세 ~","B.광업(05~08)",3713,3509,3113,396,2447,-
"전체","60세 ~","C.제조업(10~34)",3676,3403,3215,188,3273,-
"전체","60세 ~","D.전기, 가스, 증기 및 공기 조절 공급업(35)",4063,3482,3350,133,6969,-
"전체","60세 ~","E.수도, 하수 및 폐기물 처리, 원료 재생업(36~39)",3440,3245,2956,289,2332,-
"전체","60세 ~","F.건설업(41~42)",3391,3271,3204,67,1430,-
"전체","60세 ~","G.도매 및 소매업(45~47)",3990,3773,3720,53,2601,-
"전체","60세 ~","H.운수 및 창고업(49~52)",2440,2308,2122,185,1586,-
"전체","60세 ~","I.숙박 및 음식점업(55~56)",2152,2131,1984,147,245,-
"전체","60세 ~","J.정보통신업(58~63)",4442,4114,4095,19,3935,-
"전체","60세 ~","K.금융 및 보험업(64~66)",5022,4164,4142,22,10301,-
"전체","60세 ~","L.부동산업(68)",2106,2068,2026,42,462,-
"전체","60세 ~","M.전문, 과학 및 기술 서비스업(70~73)",4015,3825,3784,41,2284,-
"전체","60세 ~","N.사업시설 관리, 사업 지원 및 임대 서비스업(74~76)",2302,2237,2128,108,784,-
"전체","60세 ~","P.교육 서비스업(85)",4022,3706,3657,50,3781,-
"전체","60세 ~","Q.보건업 및 사회복지서비스업(86~87)",1905,1872,1816,56,398,-
"전체","60세 ~","R 예술, 스포츠 및 여가관련 서비스업(90~91)",2374,2317,2231,86,684,-
"전체","60세 ~","S 협회 및 단체, 수리 및 기타 개인 서비스업(94~96)",2603,2477,2424,53,1513,-
"여자","계","전체",2863,2617,2509,108,2953,66.3
"여자","계","A.농업, 임업 및 어업(01~03)",2431,2170,2101,69,3137,65.0
"여자","계","B.광업(05~08)",2983,2813,2640,173,2042,69.3
"여자","계","C.제조업(10~34)",2883,2581,2372,209,3630,68.4
"여자","계","D.전기, 가스, 증기 및 공기 조절 공급업(35)",4703,3736,3630,106,11603,71.9
"여자","계","E.수도, 하수 및 폐기물 처리, 원료 재생업(36~39)",3048,2807,2713,94,2891,76.2
"여자","계","F.건설업(41~42)",2891,2747,2683,64,1726,72.1
"여자","계","G.도매 및 소매업(45~47)",2888,2671,2610,61,2596,67.2
"여자","계","H.운수 및 창고업(49~52)",3030,2690,2548,142,4082,86.9
"여자","계","I.숙박 및 음식점업(55~56)",2073,2015,1889,126,699,79.5
"여자","계","J.정보통신업(58~63)",3618,3346,3244,102,3261,72.8
"여자","계","K.금융 및 보험업(64~66)",5041,3918,3803,115,13475,72.3
"여자","계","L.부동산업(68)",2176,2051,2028,23,1508,67.8
"여자","계","M.전문, 과학 및 기술 서비스업(70~73)",3662,3281,3195,86,4579,66.6
"여자","계","N.사업시설 관리, 사업 지원 및 임대 서비스업(74~76)",2521,2375,2295,80,1751,70.0
"여자","계","P.교육 서비스업(85)",2959,2801,2765,36,1892,65.3
"여자","계","Q.보건업 및 사회복지서비스업(86~87)",2507,2364,2264,99,1713,55.1
"여자","계","R 예술, 스포츠 및 여가관련 서비스업(90~91)",2542,2383,2257,126,1913,75.9
"여자","계","S 협회 및 단체, 수리 및 기타 개인 서비스업(94~96)",2328,2193,2126,67,1627,66.8
"여자","~ 19세","전체",1510,1480,1412,67,363,88.6
"여자","~ 19세","A.농업, 임업 및 어업(01~03)",2370,2148,2148,-,2662,112.6
"여자","~ 19세","B.광업(05~08)",-,-,-,-,-,-
"여자","~ 19세","C.제조업(10~34)",2123,2053,1803,250,833,109.3
"여자","~ 19세","D.전기, 가스, 증기 및 공기 조절 공급업(35)",2517,2320,2269,50,2375,104.0
"여자","~ 19세","E.수도, 하수 및 폐기물 처리, 원료 재생업(36~39)",2074,2074,2012,62,-,72.9
"여자","~ 19세","F.건설업(41~42)",2018,1951,1892,59,810,95.1
"여자","~ 19세","G.도매 및 소매업(45~47)",1537,1518,1500,18,226,76.3
"여자","~ 19세","H.운수 및 창고업(49~52)",2014,2002,1937,65,142,92.6
"여자","~ 19세","I.숙박 및 음식점업(55~56)",843,841,814,27,24,92.3
"여자","~ 19세","J.정보통신업(58~63)",1968,1914,1885,30,645,89.8
"여자","~ 19세","K.금융 및 보험업(64~66)",2364,2248,2211,36,1400,89.9
"여자","~ 19세","L.부동산업(68)",2087,2020,2012,8,804,125.7
"여자","~ 19세","M.전문, 과학 및 기술 서비스업(70~73)",2068,1954,1936,17,1375,121.0
"여자","~ 19세","N.사업시설 관리, 사업 지원 및 임대 서비스업(74~76)",1728,1695,1643,52,404,87.2
"여자","~ 19세","P.교육 서비스업(85)",1686,1681,1674,7,56,110.3
"여자","~ 19세","Q.보건업 및 사회복지서비스업(86~87)",1975,1969,1859,109,73,133.4
"여자","~ 19세","R 예술, 스포츠 및 여가관련 서비스업(90~91)",1708,1698,1662,35,128,101.1
"여자","~ 19세","S 협회 및 단체, 수리 및 기타 개인 서비스업(94~96)",1500,1493,1462,32,83,163.0
"여자","20 ~ 24","전체",2191,2083,1981,102,1298,93.8
"여자","20 ~ 24","A.농업, 임업 및 어업(01~03)",2152,2080,1990,90,860,96.5
"여자","20 ~ 24","B.광업(05~08)",2259,2204,2053,151,659,89.3
"여자","20 ~ 24","C.제조업(10~34)",2598,2318,2061,257,3362,102.4
"여자","20 ~ 24","D.전기, 가스, 증기 및 공기 조절 공급업(35)",3668,3020,2896,124,7778,94.2
"여자","20 ~ 24","E.수도, 하수 및 폐기물 처리, 원료 재생업(36~39)",2581,2440,2388,52,1694,93.8
"여자","20 ~ 24","F.건설업(41~42)",2170,2103,2051,52,811,91.6
"여자","20 ~ 24","G.도매 및 소매업(45~47)",2041,1952,1907,45,1074,94.8
"여자","20 ~ 24","H.운수 및 창고업(49~52)",2353,2270,2161,109,994,88.9
"여자","20 ~ 24","I.숙박 및 음식점업(55~56)",1441,1423,1349,74,219,90.8
"여자","20 ~ 24","J.정보통신업(58~63)",2307,2259,2207,51,577,102.1
"여자","20 ~ 24","K.금융 및 보험업(64~66)",2816,2450,2388,62,4392,103.7
"여자","20 ~ 24","L.부동산업(68)",2074,1949,1915,34,1499,86.6
"여자","20 ~ 24","M.전문, 과학 및 기술 서비스업(70~73)",2265,2172,2123,49,1113,96.0
"여자","20 ~ 24","N.사업시설 관리, 사업 지원 및 임대 서비스업(74~76)",2060,1989,1938,51,843,97.8
"여자","20 ~ 24","P.교육 서비스업(85)",1936,1922,1893,29,177,94.8
"여자","20 ~ 24","Q.보건업 및 사회복지서비스업(86~87)",2389,2282,2142,140,1287,104.6
"여자","20 ~ 24","R 예술, 스포츠 및 여가관련 서비스업(90~91)",1767,1707,1632,75,718,92.4
"여자","20 ~ 24","S 협회 및 단체, 수리 및 기타 개인 서비스업(94~96)",1733,1684,1661,23,579,85.6
"여자","25 ~ 29","전체",2754,2529,2407,122,2701,92.4
"여자","25 ~ 29","A.농업, 임업 및 어업(01~03)",2310,2134,2078,57,2112,93.1
"여자","25 ~ 29","B.광업(05~08)",2738,2559,2469,90,2139,90.1
"여자","25 ~ 29","C.제조업(10~34)",2982,2590,2361,230,4693,96.4
"여자","25 ~ 29","D.전기, 가스, 증기 및 공기 조절 공급업(35)",3927,3229,3121,108,8381,96.0
"여자","25 ~ 29","E.수도, 하수 및 폐기물 처리, 원료 재생업(36~39)",2937,2667,2588,79,3233,97.6
"여자","25 ~ 29","F.건설업(41~42)",2640,2492,2405,87,1770,92.7
"여자","25 ~ 29","G.도매 및 소매업(45~47)",2659,2467,2409,58,2311,91.9
"여자","25 ~ 29","H.운수 및 창고업(49~52)",2801,2555,2465,90,2950,94.7
"여자","25 ~ 29","I.숙박 및 음식점업(55~56)",2071,1991,1890,101,958,96.8
"여자","25 ~ 29","J.정보통신업(58~63)",2819,2673,2601,72,1758,97.7
"여자","25 ~ 29","K.금융 및 보험업(64~66)",3363,2773,2676,97,7074,91.2
"여자","25 ~ 29","L.부동산업(68)",2804,2583,2526,57,2648,92.7
"여자","25 ~ 29","M.전문, 과학 및 기술 서비스업(70~73)",3023,2785,2684,101,2856,88.9
"여자","25 ~ 29","N.사업시설 관리, 사업 지원 및 임대 서비스업(74~76)",2418,2286,2222,64,1581,92.2
"여자","25 ~ 29","P.교육 서비스업(85)",2267,2222,2176,46,542,96.4
"여자","25 ~ 29","Q.보건업 및 사회복지서비스업(86~87)",2803,2601,2430,171,2419,94.1
"여자","25 ~ 29","R 예술, 스포츠 및 여가관련 서비스업(90~91)",2474,2334,2190,145,1680,105.0
"여자","25 ~ 29","S 협회 및 단체, 수리 및 기타 개인 서비스업(94~96)",2244,2106,2042,64,1655,88.9
"여자","30 ~ 34","전체",3205,2878,2758,120,3920,88.6
"여자","30 ~ 34","A.농업, 임업 및 어업(01~03)",2600,2311,2237,74,3470,90.3
"여자","30 ~ 34","B.광업(05~08)",2550,2307,2161,146,2913,66.8
"여자","30 ~ 34","C.제조업(10~34)",3267,2806,2574,232,5527,91.7
"여자","30 ~ 34","D.전기, 가스, 증기 및 공기 조절 공급업(35)",4593,3545,3387,158,12567,95.1
"여자","30 ~ 34","E.수도, 하수 및 폐기물 처리, 원료 재생업(36~39)",3228,2938,2881,57,3475,96.2
"여자","30 ~ 34","F.건설업(41~42)",3211,2984,2855,129,2725,89.2
"여자","30 ~ 34","G.도매 및 소매업(45~47)",3167,2907,2838,69,3121,91.5
"여자","30 ~ 34","H.운수 및 창고업(49~52)",3230,2777,2676,101,5430,96.7
"여자","30 ~ 34","I.숙박 및 음식점업(55~56)",2426,2272,2136,137,1844,95.2
"여자","30 ~ 34","J.정보통신업(58~63)",3530,3280,3172,108,3000,94.8
"여자","30 ~ 34","K.금융 및 보험업(64~66)",4181,3341,3249,91,10088,85.7
"여자","30 ~ 34","L.부동산업(68)",3244,2885,2834,51,4303,90.1
"여자","30 ~ 34","M.전문, 과학 및 기술 서비스업(70~73)",3779,3352,3244,107,5134,86.6
"여자","30 ~ 34","N.사업시설 관리, 사업 지원 및 임대 서비스업(74~76)",2777,2560,2480,80,2603,87.4
"여자","30 ~ 34","P.교육 서비스업(85)",2618,2517,2471,46,1208,87.5
"여자","30 ~ 34","Q.보건업 및 사회복지서비스업(86~87)",3007,2799,2670,129,2489,80.7
"여자","30 ~ 34","R 예술, 스포츠 및 여가관련 서비스업(90~91)",2658,2460,2330,130,2375,94.0
"여자","30 ~ 34","S 협회 및 단체, 수리 및 기타 개인 서비스업(94~96)",2613,2415,2354,61,2367,90.4
"여자","35 ~ 39","전체",3422,3052,2943,110,4434,79.7
"여자","35 ~ 39","A.농업, 임업 및 어업(01~03)",2870,2476,2432,45,4722,84.4
"여자","35 ~ 39","B.광업(05~08)",3266,3120,2893,228,1742,78.9
"여자","35 ~ 39","C.제조업(10~34)",3336,2873,2652,221,5556,81.4
"여자","35 ~ 39","D.전기, 가스, 증기 및 공기 조절 공급업(35)",4934,3859,3732,128,12896,85.8
"여자","35 ~ 39","E.수도, 하수 및 폐기물 처리, 원료 재생업(36~39)",3263,2874,2808,66,4669,87.0
"여자","35 ~ 39","F.건설업(41~42)",2902,2731,2660,71,2049,70.5
"여자","35 ~ 39","G.도매 및 소매업(45~47)",3467,3185,3129,56,3380,85.5
"여자","35 ~ 39","H.운수 및 창고업(49~52)",3448,2919,2802,117,6349,93.7
"여자","35 ~ 39","I.숙박 및 음식점업(55~56)",2394,2291,2176,115,1237,81.1
"여자","35 ~ 39","J.정보통신업(58~63)",4171,3842,3709,133,3950,87.8
"여자","35 ~ 39","K.금융 및 보험업(64~66)",5038,3901,3786,115,13642,82.1
"여자","35 ~ 39","L.부동산업(68)",3376,3007,2948,58,4433,84.4
"여자","35 ~ 39","M.전문, 과학 및 기술 서비스업(70~73)",4230,3720,3635,84,6130,79.6
"여자","35 ~ 39","N.사업시설 관리, 사업 지원 및 임대 서비스업(74~76)",2811,2607,2529,78,2450,78.0
"여자","35 ~ 39","P.교육 서비스업(85)",2863,2715,2682,33,1780,83.7
"여자","35 ~ 39","Q.보건업 및 사회복지서비스업(86~87)",3105,2889,2786,103,2590,56.3
"여자","35 ~ 39","R 예술, 스포츠 및 여가관련 서비스업(90~91)",2890,2641,2478,163,2987,89.1
"여자","35 ~ 39","S 협회 및 단체, 수리 및 기타 개인 서비스업(94~96)",2813,2590,2519,71,2678,86.9
"여자","40 ~ 44","전체",3378,3013,2909,104,4387,69.5
"여자","40 ~ 44","A.농업, 임업 및 어업(01~03)",3241,2727,2695,32,6168,80.6
"여자","40 ~ 44","B.광업(05~08)",3003,2787,2624,163,2593,65.4
"여자","40 ~ 44","C.제조업(10~34)",3175,2763,2559,204,4949,68.6
"여자","40 ~ 44","D.전기, 가스, 증기 및 공기 조절 공급업(35)",5505,4247,4153,94,15097,81.0
"여자","40 ~ 44","E.수도, 하수 및 폐기물 처리, 원료 재생업(36~39)",3317,3011,2915,97,3673,81.3
"여자","40 ~ 44","F.건설업(41~42)",2850,2707,2643,64,1714,67.1
"여자","40 ~ 44","G.도매 및 소매업(45~47)",3311,3008,2951,57,3638,69.8
"여자","40 ~ 44","H.운수 및 창고업(49~52)",3519,2951,2819,132,6813,88.0
"여자","40 ~ 44","I.숙박 및 음식점업(55~56)",2376,2277,2187,90,1186,73.0
"여자","40 ~ 44","J.정보통신업(58~63)",4723,4282,4137,145,5298,83.7
"여자","40 ~ 44","K.금융 및 보험업(64~66)",5886,4491,4371,120,16734,82.0
"여자","40 ~ 44","L.부동산업(68)",3338,2974,2928,45,4376,72.8
"여자","40 ~ 44","M.전문, 과학 및 기술 서비스업(70~73)",4544,3951,3876,75,7108,74.0
"여자","40 ~ 44","N.사업시설 관리, 사업 지원 및 임대 서비스업(74~76)",2803,2636,2545,90,2009,69.7
"여자","40 ~ 44","P.교육 서비스업(85)",3245,3057,3023,34,2257,73.8
"여자","40 ~ 44","Q.보건업 및 사회복지서비스업(86~87)",2883,2687,2603,84,2344,45.2
"여자","40 ~ 44","R 예술, 스포츠 및 여가관련 서비스업(90~91)",3157,2885,2719,167,3265,85.8
"여자","40 ~ 44","S 협회 및 단체, 수리 및 기타 개인 서비스업(94~96)",2770,2584,2509,75,2231,75.4
"여자","45 ~ 49","전체",3075,2784,2679,105,3487,58.6
"여자","45 ~ 49","A.농업, 임업 및 어업(01~03)",3460,2865,2816,49,7139,74.2
"여자","45 ~ 49","B.광업(05~08)",3222,3023,2918,105,2396,70.1
"여자","45 ~ 49","C.제조업(10~34)",2777,2546,2349,197,2775,56.5
"여자","45 ~ 49","D.전기, 가스, 증기 및 공기 조절 공급업(35)",5760,4507,4419,88,15046,74.5
"여자","45 ~ 49","E.수도, 하수 및 폐기물 처리, 원료 재생업(36~39)",3198,2949,2841,107,2996,73.0
"여자","45 ~ 49","F.건설업(41~42)",3063,2935,2890,45,1537,69.9
"여자","45 ~ 49","G.도매 및 소매업(45~47)",2919,2686,2612,74,2790,54.1
"여자","45 ~ 49","H.운수 및 창고업(49~52)",3351,2923,2756,167,5132,80.0
"여자","45 ~ 49","I.숙박 및 음식점업(55~56)",2297,2214,2061,153,991,67.5
"여자","45 ~ 49","J.정보통신업(58~63)",4825,4314,4191,123,6138,74.9
"여자","45 ~ 49","K.금융 및 보험업(64~66)",6773,5099,4947,152,20088,79.3
"여자","45 ~ 49","L.부동산업(68)",2738,2566,2537,29,2063,63.0
"여자","45 ~ 49","M.전문, 과학 및 기술 서비스업(70~73)",4095,3623,3557,66,5669,59.3
"여자","45 ~ 49","N.사업시설 관리, 사업 지원 및 임대 서비스업(74~76)",2663,2522,2427,95,1694,59.2
"여자","45 ~ 49","P.교육 서비스업(85)",3407,3151,3120,31,3069,68.6
"여자","45 ~ 49","Q.보건업 및 사회복지서비스업(86~87)",2569,2414,2345,68,1868,45.8
"여자","45 ~ 49","R 예술, 스포츠 및 여가관련 서비스업(90~91)",2924,2720,2572,148,2454,69.8
"여자","45 ~ 49","S 협회 및 단체, 수리 및 기타 개인 서비스업(94~96)",2506,2348,2278,70,1891,60.8
"여자","50 ~ 54","전체",2781,2566,2449,117,2579,51.8
"여자","50 ~ 54","A.농업, 임업 및 어업(01~03)",2817,2484,2375,109,3998,56.1
"여자","50 ~ 54","B.광업(05~08)",3325,3096,2954,143,2745,71.0
"여자","50 ~ 54","C.제조업(10~34)",2585,2411,2206,205,2089,51.0
"여자","50 ~ 54","D.전기, 가스, 증기 및 공기 조절 공급업(35)",5221,4195,4111,84,12304,59.9
"여자","50 ~ 54","E.수도, 하수 및 폐기물 처리, 원료 재생업(36~39)",3061,2839,2682,158,2665,69.1
"여자","50 ~ 54","F.건설업(41~42)",2988,2862,2817,44,1519,65.7
"여자","50 ~ 54","G.도매 및 소매업(45~47)",2553,2379,2308,71,2097,46.8
"여자","50 ~ 54","H.운수 및 창고업(49~52)",2928,2682,2477,205,2945,73.1
"여자","50 ~ 54","I.숙박 및 음식점업(55~56)",2199,2150,2011,139,598,66.1
"여자","50 ~ 54","J.정보통신업(58~63)",4830,4287,4152,134,6525,68.1
"여자","50 ~ 54","K.금융 및 보험업(64~66)",6839,5125,4953,172,20564,73.7
"여자","50 ~ 54","L.부동산업(68)",2529,2366,2342,25,1945,58.9
"여자","50 ~ 54","M.전문, 과학 및 기술 서비스업(70~73)",4205,3757,3694,62,5380,58.4
"여자","50 ~ 54","N.사업시설 관리, 사업 지원 및 임대 서비스업(74~76)",2641,2490,2379,112,1811,55.9
"여자","50 ~ 54","P.교육 서비스업(85)",3777,3471,3435,36,3667,67.7
"여자","50 ~ 54","Q.보건업 및 사회복지서비스업(86~87)",2400,2273,2189,83,1529,41.7
"여자","50 ~ 54","R 예술, 스포츠 및 여가관련 서비스업(90~91)",2655,2505,2394,111,1797,61.7
"여자","50 ~ 54","S 협회 및 단체, 수리 및 기타 개인 서비스업(94~96)",2288,2182,2095,87,1267,54.5
"여자","55 ~ 59","전체",2462,2323,2213,110,1666,50.8
"여자","55 ~ 59","A.농업, 임업 및 어업(01~03)",2425,2241,2079,161,2215,49.4
"여자","55 ~ 59","B.광업(05~08)",2624,2495,2292,204,1540,55.6
"여자","55 ~ 59","C.제조업(10~34)",2559,2393,2196,196,1995,53.1
"여자","55 ~ 59","D.전기, 가스, 증기 및 공기 조절 공급업(35)",4334,3474,3409,66,10318,51.1
"여자","55 ~ 59","E.수도, 하수 및 폐기물 처리, 원료 재생업(36~39)",2872,2684,2575,109,2249,64.0
"여자","55 ~ 59","F.건설업(41~42)",2805,2709,2683,26,1155,67.5
"여자","55 ~ 59","G.도매 및 소매업(45~47)",2500,2353,2292,61,1760,47.9
"여자","55 ~ 59","H.운수 및 창고업(49~52)",2751,2547,2319,228,2447,78.4
"여자","55 ~ 59","I.숙박 및 음식점업(55~56)",2274,2222,2073,148,623,75.0
"여자","55 ~ 59","J.정보통신업(58~63)",4539,3906,3791,115,7597,71.4
"여자","55 ~ 59","K.금융 및 보험업(64~66)",5820,4432,4317,116,16649,75.8
"여자","55 ~ 59","L.부동산업(68)",2013,1917,1895,22,1150,52.7
"여자","55 ~ 59","M.전문, 과학 및 기술 서비스업(70~73)",3239,3033,2984,49,2477,45.1
"여자","55 ~ 59","N.사업시설 관리, 사업 지원 및 임대 서비스업(74~76)",2264,2170,2084,86,1130,56.0
"여자","55 ~ 59","P.교육 서비스업(85)",3869,3622,3589,33,2967,65.2
"여자","55 ~ 59","Q.보건업 및 사회복지서비스업(86~87)",2064,1986,1904,81,941,45.4
"여자","55 ~ 59","R 예술, 스포츠 및 여가관련 서비스업(90~91)",2430,2313,2201,112,1402,59.7
"여자","55 ~ 59","S 협회 및 단체, 수리 및 기타 개인 서비스업(94~96)",2104,2013,1938,75,1084,50.9
"여자","60세 ~","전체",1926,1879,1812,67,569,56.5
"여자","60세 ~","A.농업, 임업 및 어업(01~03)",1286,1243,1209,35,506,48.3
"여자","60세 ~","B.광업(05~08)",3076,2986,2739,247,1082,81.9
"여자","60세 ~","C.제조업(10~34)",2461,2346,2204,142,1376,61.2
"여자","60세 ~","D.전기, 가스, 증기 및 공기 조절 공급업(35)",2362,2261,2235,27,1210,53.2
"여자","60세 ~","E.수도, 하수 및 폐기물 처리, 원료 재생업(36~39)",2728,2635,2545,90,1119,76.9
"여자","60세 ~","F.건설업(41~42)",2882,2788,2777,11,1127,83.9
"여자","60세 ~","G.도매 및 소매업(45~47)",2989,2847,2813,34,1701,67.8
"여자","60세 ~","H.운수 및 창고업(49~52)",2373,2245,2121,123,1541,97.1
"여자","60세 ~","I.숙박 및 음식점업(55~56)",2037,2019,1852,167,207,83.3
"여자","60세 ~","J.정보통신업(58~63)",3336,3199,3198,2,1642,70.1
"여자","60세 ~","K.금융 및 보험업(64~66)",2527,2340,2325,15,2234,43.9
"여자","60세 ~","L.부동산업(68)",1473,1466,1462,4,89,62.1
"여자","60세 ~","M.전문, 과학 및 기술 서비스업(70~73)",3020,2951,2884,68,819,73.5
"여자","60세 ~","N.사업시설 관리, 사업 지원 및 임대 서비스업(74~76)",1522,1503,1457,46,230,54.0
"여자","60세 ~","P.교육 서비스업(85)",2989,2833,2807,25,1870,66.4
"여자","60세 ~","Q.보건업 및 사회복지서비스업(86~87)",1589,1573,1521,52,192,49.0
"여자","60세 ~","R 예술, 스포츠 및 여가관련 서비스업(90~91)",2009,1970,1892,78,468,77.3
"여자","60세 ~","S 협회 및 단체, 수리 및 기타 개인 서비스업(94~96)",1840,1769,1708,61,858,59.9
"남자","계","전체",4316,3756,3498,258,6715,-
"남자","계","A.농업, 임업 및 어업(01~03)",3738,3145,3053,92,7124,-
"남자","계","B.광업(05~08)",4307,3851,3360,491,5468,-
"남자","계","C.제조업(10~34)",4217,3580,3191,388,7643,-
"남자","계","D.전기, 가스, 증기 및 공기 조절 공급업(35)",6540,5037,4673,364,18041,-
"남자","계","E.수도, 하수 및 폐기물 처리, 원료 재생업(36~39)",3999,3651,3249,402,4179,-
"남자","계","F.건설업(41~42)",4007,3752,3579,174,3056,-
"남자","계","G.도매 및 소매업(45~47)",4300,3840,3720,119,5518,-
"남자","계","H.운수 및 창고업(49~52)",3488,3086,2754,332,4830,-
"남자","계","I.숙박 및 음식점업(55~56)",2606,2496,2363,133,1325,-
"남자","계","J.정보통신업(58~63)",4968,4436,4268,168,6384,-
"남자","계","K.금융 및 보험업(64~66)",6970,5212,5072,141,21087,-
"남자","계","L.부동산업(68)",3208,2949,2870,79,3104,-
"남자","계","M.전문, 과학 및 기술 서비스업(70~73)",5496,4667,4457,211,9948,-
"남자","계","N.사업시설 관리, 사업 지원 및 임대 서비스업(74~76)",3601,3261,3039,222,4080,-
"남자","계","P.교육 서비스업(85)",4531,4144,4082,62,4647,-
"남자","계","Q.보건업 및 사회복지서비스업(86~87)",4547,4245,4036,209,3619,-
"남자","계","R 예술, 스포츠 및 여가관련 서비스업(90~91)",3350,3099,2910,189,3006,-
"남자","계","S 협회 및 단체, 수리 및 기타 개인 서비스업(94~96)",3487,3138,3025,113,4189,-
"남자","~ 19세","전체",1705,1673,1537,136,381,-
"남자","~ 19세","A.농업, 임업 및 어업(01~03)",2105,2041,2041,0,769,-
"남자","~ 19세","B.광업(05~08)",1974,1974,1810,164,-,-
"남자","~ 19세","C.제조업(10~34)",1942,1906,1709,198,430,-
"남자","~ 19세","D.전기, 가스, 증기 및 공기 조절 공급업(35)",2420,2258,2127,130,1949,-
"남자","~ 19세","E.수도, 하수 및 폐기물 처리, 원료 재생업(36~39)",2845,2809,2540,269,440,-
"남자","~ 19세","F.건설업(41~42)",2123,2110,2023,87,155,-
"남자","~ 19세","G.도매 및 소매업(45~47)",2015,1985,1767,217,364,-
"남자","~ 19세","H.운수 및 창고업(49~52)",2174,2128,2029,100,550,-
"남자","~ 19세","I.숙박 및 음식점업(55~56)",913,912,888,25,3,-
"남자","~ 19세","J.정보통신업(58~63)",2192,1896,1889,7,3550,-
"남자","~ 19세","K.금융 및 보험업(64~66)",2631,2469,2345,125,1935,-
"남자","~ 19세","L.부동산업(68)",1660,1611,1572,39,586,-
"남자","~ 19세","M.전문, 과학 및 기술 서비스업(70~73)",1709,1668,1665,3,498,-
"남자","~ 19세","N.사업시설 관리, 사업 지원 및 임대 서비스업(74~76)",1982,1972,1777,195,119,-
"남자","~ 19세","P.교육 서비스업(85)",1529,1529,1503,26,-,-
"남자","~ 19세","Q.보건업 및 사회복지서비스업(86~87)",1481,1481,1360,121,-,-
"남자","~ 19세","R 예술, 스포츠 및 여가관련 서비스업(90~91)",1689,1677,1622,54,147,-
"남자","~ 19세","S 협회 및 단체, 수리 및 기타 개인 서비스업(94~96)",920,920,896,24,4,-
"남자","20 ~ 24","전체",2337,2233,1993,241,1239,-
"남자","20 ~ 24","A.농업, 임업 및 어업(01~03)",2231,2121,2043,78,1316,-
"남자","20 ~ 24","B.광업(05~08)",2529,2427,2195,231,1227,-
"남자","20 ~ 24","C.제조업(10~34)",2538,2391,2018,373,1772,-
"남자","20 ~ 24","D.전기, 가스, 증기 및 공기 조절 공급업(35)",3892,3211,2907,304,8182,-
"남자","20 ~ 24","E.수도, 하수 및 폐기물 처리, 원료 재생업(36~39)",2751,2653,2272,381,1184,-
"남자","20 ~ 24","F.건설업(41~42)",2370,2316,2194,122,650,-
"남자","20 ~ 24","G.도매 및 소매업(45~47)",2154,2106,2019,88,569,-
"남자","20 ~ 24","H.운수 및 창고업(49~52)",2647,2543,2330,213,1247,-
"남자","20 ~ 24","I.숙박 및 음식점업(55~56)",1587,1571,1487,85,196,-
"남자","20 ~ 24","J.정보통신업(58~63)",2259,2223,2151,72,426,-
"남자","20 ~ 24","K.금융 및 보험업(64~66)",2715,2440,2359,81,3305,-
"남자","20 ~ 24","L.부동산업(68)",2396,2310,2204,106,1039,-
"남자","20 ~ 24","M.전문, 과학 및 기술 서비스업(70~73)",2360,2277,2192,86,987,-
"남자","20 ~ 24","N.사업시설 관리, 사업 지원 및 임대 서비스업(74~76)",2107,2051,1908,143,669,-
"남자","20 ~ 24","P.교육 서비스업(85)",2043,2028,2000,28,185,-
"남자","20 ~ 24","Q.보건업 및 사회복지서비스업(86~87)",2285,2250,2044,206,411,-
"남자","20 ~ 24","R 예술, 스포츠 및 여가관련 서비스업(90~91)",1912,1879,1789,89,397,-
"남자","20 ~ 24","S 협회 및 단체, 수리 및 기타 개인 서비스업(94~96)",2025,1977,1881,96,573,-
"남자","25 ~ 29","전체",2981,2702,2455,247,3349,-
"남자","25 ~ 29","A.농업, 임업 및 어업(01~03)",2482,2308,2190,118,2088,-
"남자","25 ~ 29","B.광업(05~08)",3038,2833,2444,389,2463,-
"남자","25 ~ 29","C.제조업(10~34)",3093,2736,2348,389,4276,-
"남자","25 ~ 29","D.전기, 가스, 증기 및 공기 조절 공급업(35)",4090,3358,3088,270,8790,-
"남자","25 ~ 29","E.수도, 하수 및 폐기물 처리, 원료 재생업(36~39)",3008,2835,2457,378,2074,-
"남자","25 ~ 29","F.건설업(41~42)",2849,2707,2546,161,1701,-
"남자","25 ~ 29","G.도매 및 소매업(45~47)",2893,2667,2536,131,2710,-
"남자","25 ~ 29","H.운수 및 창고업(49~52)",2958,2694,2446,248,3164,-
"남자","25 ~ 29","I.숙박 및 음식점업(55~56)",2139,2087,1948,138,626,-
"남자","25 ~ 29","J.정보통신업(58~63)",2884,2747,2652,95,1633,-
"남자","25 ~ 29","K.금융 및 보험업(64~66)",3687,3063,2935,128,7488,-
"남자","25 ~ 29","L.부동산업(68)",3025,2806,2677,129,2628,-
"남자","25 ~ 29","M.전문, 과학 및 기술 서비스업(70~73)",3402,2987,2807,180,4978,-
"남자","25 ~ 29","N.사업시설 관리, 사업 지원 및 임대 서비스업(74~76)",2622,2450,2288,162,2055,-
"남자","25 ~ 29","P.교육 서비스업(85)",2352,2295,2245,50,681,-
"남자","25 ~ 29","Q.보건업 및 사회복지서비스업(86~87)",2980,2828,2549,279,1824,-
"남자","25 ~ 29","R 예술, 스포츠 및 여가관련 서비스업(90~91)",2356,2256,2137,119,1196,-
"남자","25 ~ 29","S 협회 및 단체, 수리 및 기타 개인 서비스업(94~96)",2523,2349,2232,116,2093,-
"남자","30 ~ 34","전체",3619,3164,2915,249,5460,-
"남자","30 ~ 34","A.농업, 임업 및 어업(01~03)",2880,2533,2432,102,4160,-
"남자","30 ~ 34","B.광업(05~08)",3816,3408,2849,559,4893,-
"남자","30 ~ 34","C.제조업(10~34)",3564,3040,2663,377,6282,-
"남자","30 ~ 34","D.전기, 가스, 증기 및 공기 조절 공급업(35)",4832,3738,3446,292,13131,-
"남자","30 ~ 34","E.수도, 하수 및 폐기물 처리, 원료 재생업(36~39)",3357,3097,2737,359,3120,-
"남자","30 ~ 34","F.건설업(41~42)",3598,3319,3129,190,3344,-
"남자","30 ~ 34","G.도매 및 소매업(45~47)",3460,3111,2991,121,4188,-
"남자","30 ~ 34","H.운수 및 창고업(49~52)",3341,2963,2685,278,4543,-
"남자","30 ~ 34","I.숙박 및 음식점업(55~56)",2548,2457,2312,145,1092,-
"남자","30 ~ 34","J.정보통신업(58~63)",3723,3431,3295,136,3497,-
"남자","30 ~ 34","K.금융 및 보험업(64~66)",4876,3768,3621,147,13300,-
"남자","30 ~ 34","L.부동산업(68)",3602,3219,3103,116,4593,-
"남자","30 ~ 34","M.전문, 과학 및 기술 서비스업(70~73)",4362,3685,3477,208,8115,-
"남자","30 ~ 34","N.사업시설 관리, 사업 지원 및 임대 서비스업(74~76)",3177,2911,2740,171,3193,-
"남자","30 ~ 34","P.교육 서비스업(85)",2992,2806,2743,63,2227,-
"남자","30 ~ 34","Q.보건업 및 사회복지서비스업(86~87)",3728,3478,3240,239,3000,-
"남자","30 ~ 34","R 예술, 스포츠 및 여가관련 서비스업(90~91)",2829,2645,2478,167,2212,-
"남자","30 ~ 34","S 협회 및 단체, 수리 및 기타 개인 서비스업(94~96)",2890,2642,2527,115,2977,-
"남자","35 ~ 39","전체",4292,3719,3442,277,6872,-
"남자","35 ~ 39","A.농업, 임업 및 어업(01~03)",3401,2886,2779,107,6175,-
"남자","35 ~ 39","B.광업(05~08)",4137,3581,3191,390,6670,-
"남자","35 ~ 39","C.제조업(10~34)",4099,3480,3085,395,7425,-
"남자","35 ~ 39","D.전기, 가스, 증기 및 공기 조절 공급업(35)",5752,4402,4057,345,16200,-
"남자","35 ~ 39","E.수도, 하수 및 폐기물 처리, 원료 재생업(36~39)",3752,3395,3039,356,4288,-
"남자","35 ~ 39","F.건설업(41~42)",4116,3771,3521,250,4140,-
"남자","35 ~ 39","G.도매 및 소매업(45~47)",4055,3630,3499,131,5108,-
"남자","35 ~ 39","H.운수 및 창고업(49~52)",3678,3239,2927,312,5267,-
"남자","35 ~ 39","I.숙박 및 음식점업(55~56)",2952,2825,2682,143,1527,-
"남자","35 ~ 39","J.정보통신업(58~63)",4748,4307,4123,184,5293,-
"남자","35 ~ 39","K.금융 및 보험업(64~66)",6135,4584,4430,154,18614,-
"남자","35 ~ 39","L.부동산업(68)",3998,3485,3369,116,6161,-
"남자","35 ~ 39","M.전문, 과학 및 기술 서비스업(70~73)",5317,4461,4210,250,10278,-
"남자","35 ~ 39","N.사업시설 관리, 사업 지원 및 임대 서비스업(74~76)",3602,3235,2978,257,4406,-
"남자","35 ~ 39","P.교육 서비스업(85)",3419,3165,3112,53,3053,-
"남자","35 ~ 39","Q.보건업 및 사회복지서비스업(86~87)",5520,5193,4922,271,3921,-
"남자","35 ~ 39","R 예술, 스포츠 및 여가관련 서비스업(90~91)",3242,2975,2771,204,3205,-
"남자","35 ~ 39","S 협회 및 단체, 수리 및 기타 개인 서비스업(94~96)",3237,2939,2820,119,3571,-
"남자","40 ~ 44","전체",4862,4187,3903,284,8104,-
"남자","40 ~ 44","A.농업, 임업 및 어업(01~03)",4022,3378,3242,136,7734,-
"남자","40 ~ 44","B.광업(05~08)",4592,3969,3475,494,7472,-
"남자","40 ~ 44","C.제조업(10~34)",4625,3888,3479,409,8841,-
"남자","40 ~ 44","D.전기, 가스, 증기 및 공기 조절 공급업(35)",6795,5231,4844,387,18768,-
"남자","40 ~ 44","E.수도, 하수 및 폐기물 처리, 원료 재생업(36~39)",4081,3669,3266,403,4942,-
"남자","40 ~ 44","F.건설업(41~42)",4246,3937,3710,227,3711,-
"남자","40 ~ 44","G.도매 및 소매업(45~47)",4743,4217,4107,110,6309,-
"남자","40 ~ 44","H.운수 및 창고업(49~52)",3997,3470,3103,367,6329,-
"남자","40 ~ 44","I.숙박 및 음식점업(55~56)",3256,3072,2906,166,2206,-
"남자","40 ~ 44","J.정보통신업(58~63)",5646,5082,4871,211,6766,-
"남자","40 ~ 44","K.금융 및 보험업(64~66)",7178,5376,5219,157,21621,-
"남자","40 ~ 44","L.부동산업(68)",4585,3934,3816,118,7812,-
"남자","40 ~ 44","M.전문, 과학 및 기술 서비스업(70~73)",6142,5134,4874,260,12099,-
"남자","40 ~ 44","N.사업시설 관리, 사업 지원 및 임대 서비스업(74~76)",4020,3567,3278,288,5440,-
"남자","40 ~ 44","P.교육 서비스업(85)",4398,4045,3982,62,4235,-
"남자","40 ~ 44","Q.보건업 및 사회복지서비스업(86~87)",6383,5928,5701,227,5455,-
"남자","40 ~ 44","R 예술, 스포츠 및 여가관련 서비스업(90~91)",3678,3337,3099,238,4092,-
"남자","40 ~ 44","S 협회 및 단체, 수리 및 기타 개인 서비스업(94~96)",3672,3285,3142,144,4641,-
"남자","45 ~ 49","전체",5248,4488,4194,294,9113,-
"남자","45 ~ 49","A.농업, 임업 및 어업(01~03)",4663,3814,3716,97,10194,-
"남자","45 ~ 49","B.광업(05~08)",4596,4057,3474,584,6468,-
"남자","45 ~ 49","C.제조업(10~34)",4911,4114,3673,441,9573,-
"남자","45 ~ 49","D.전기, 가스, 증기 및 공기 조절 공급업(35)",7735,5826,5384,442,22906,-
"남자","45 ~ 49","E.수도, 하수 및 폐기물 처리, 원료 재생업(36~39)",4378,3920,3468,452,5491,-
"남자","45 ~ 49","F.건설업(41~42)",4380,4084,3885,199,3554,-
"남자","45 ~ 49","G.도매 및 소매업(45~47)",5392,4772,4638,135,7431,-
"남자","45 ~ 49","H.운수 및 창고업(49~52)",4188,3637,3221,416,6609,-
"남자","45 ~ 49","I.숙박 및 음식점업(55~56)",3402,3157,3015,142,2944,-
"남자","45 ~ 49","J.정보통신업(58~63)",6445,5675,5489,185,9238,-
"남자","45 ~ 49","K.금융 및 보험업(64~66)",8546,6265,6105,160,27367,-
"남자","45 ~ 49","L.부동산업(68)",4345,3781,3673,108,6774,-
"남자","45 ~ 49","M.전문, 과학 및 기술 서비스업(70~73)",6907,5759,5522,237,13775,-
"남자","45 ~ 49","N.사업시설 관리, 사업 지원 및 임대 서비스업(74~76)",4501,3963,3692,271,6461,-
"남자","45 ~ 49","P.교육 서비스업(85)",4969,4517,4452,65,5434,-
"남자","45 ~ 49","Q.보건업 및 사회복지서비스업(86~87)",5607,5152,4926,227,5454,-
"남자","45 ~ 49","R 예술, 스포츠 및 여가관련 서비스업(90~91)",4191,3813,3545,268,4542,-
"남자","45 ~ 49","S 협회 및 단체, 수리 및 기타 개인 서비스업(94~96)",4122,3643,3503,140,5743,-
"남자","50 ~ 54","전체",5367,4522,4230,292,10134,-
"남자","50 ~ 54","A.농업, 임업 및 어업(01~03)",5024,4093,4016,77,11172,-
"남자","50 ~ 54","B.광업(05~08)",4684,4107,3577,530,6927,-
"남자","50 ~ 54","C.제조업(10~34)",5070,4152,3727,425,11024,-
"남자","50 ~ 54","D.전기, 가스, 증기 및 공기 조절 공급업(35)",8714,6569,6095,474,25739,-
"남자","50 ~ 54","E.수도, 하수 및 폐기물 처리, 원료 재생업(36~39)",4427,4030,3594,436,4772,-
"남자","50 ~ 54","F.건설업(41~42)",4547,4271,4107,163,3314,-
"남자","50 ~ 54","G.도매 및 소매업(45~47)",5456,4658,4516,142,9570,-
"남자","50 ~ 54","H.운수 및 창고업(49~52)",4004,3460,3041,419,6526,-
"남자","50 ~ 54","I.숙박 및 음식점업(55~56)",3327,3113,2940,173,2568,-
"남자","50 ~ 54","J.정보통신업(58~63)",7095,5963,5740,223,13579,-
"남자","50 ~ 54","K.금융 및 보험업(64~66)",9284,6728,6600,129,30667,-
"남자","50 ~ 54","L.부동산업(68)",4292,3800,3715,85,5914,-
"남자","50 ~ 54","M.전문, 과학 및 기술 서비스업(70~73)",7199,6016,5777,239,14194,-
"남자","50 ~ 54","N.사업시설 관리, 사업 지원 및 임대 서비스업(74~76)",4724,4200,3948,253,6283,-
"남자","50 ~ 54","P.교육 서비스업(85)",5576,5066,5000,66,6127,-
"남자","50 ~ 54","Q.보건업 및 사회복지서비스업(86~87)",5757,5267,5088,179,5881,-
"남자","50 ~ 54","R 예술, 스포츠 및 여가관련 서비스업(90~91)",4305,3924,3682,242,4571,-
"남자","50 ~ 54","S 협회 및 단체, 수리 및 기타 개인 서비스업(94~96)",4199,3628,3516,112,6848,-
"남자","55 ~ 59","전체",4848,4149,3876,272,8392,-
"남자","55 ~ 59","A.농업, 임업 및 어업(01~03)",4904,3932,3848,84,11660,-
"남자","55 ~ 59","B.광업(05~08)",4723,4176,3638,538,6563,-
"남자","55 ~ 59","C.제조업(10~34)",4820,3961,3565,396,10303,-
"남자","55 ~ 59","D.전기, 가스, 증기 및 공기 조절 공급업(35)",8484,6565,6211,354,23030,-
"남자","55 ~ 59","E.수도, 하수 및 폐기물 처리, 원료 재생업(36~39)",4487,4089,3632,457,4776,-
"남자","55 ~ 59","F.건설업(41~42)",4155,3926,3805,120,2749,-
"남자","55 ~ 59","G.도매 및 소매업(45~47)",5214,4559,4460,99,7861,-
"남자","55 ~ 59","H.운수 및 창고업(49~52)",3508,3073,2691,383,5214,-
"남자","55 ~ 59","I.숙박 및 음식점업(55~56)",3033,2865,2737,129,2015,-
"남자","55 ~ 59","J.정보통신업(58~63)",6356,5246,5012,233,13318,-
"남자","55 ~ 59","K.금융 및 보험업(64~66)",7682,5810,5708,102,22462,-
"남자","55 ~ 59","L.부동산업(68)",3819,3469,3390,79,4205,-
"남자","55 ~ 59","M.전문, 과학 및 기술 서비스업(70~73)",7186,6112,5924,188,12890,-
"남자","55 ~ 59","N.사업시설 관리, 사업 지원 및 임대 서비스업(74~76)",4042,3624,3378,246,5011,-
"남자","55 ~ 59","P.교육 서비스업(85)",5930,5336,5268,68,7124,-
"남자","55 ~ 59","Q.보건업 및 사회복지서비스업(86~87)",4546,4164,4006,158,4586,-
"남자","55 ~ 59","R 예술, 스포츠 및 여가관련 서비스업(90~91)",4072,3733,3538,195,4065,-
"남자","55 ~ 59","S 협회 및 단체, 수리 및 기타 개인 서비스업(94~96)",4130,3672,3582,90,5498,-
"남자","60세 ~","전체",3407,3211,3087,124,2351,-
"남자","60세 ~","A.농업, 임업 및 어업(01~03)",2663,2311,2264,46,4235,-
"남자","60세 ~","B.광업(05~08)",3758,3546,3140,406,2543,-
"남자","60세 ~","C.제조업(10~34)",4018,3701,3500,201,3806,-
"남자","60세 ~","D.전기, 가스, 증기 및 공기 조절 공급업(35)",4442,3754,3598,156,8252,-
"남자","60세 ~","E.수도, 하수 및 폐기물 처리, 원료 재생업(36~39)",3547,3338,3018,320,2516,-
"남자","60세 ~","F.건설업(41~42)",3436,3314,3242,72,1457,-
"남자","60세 ~","G.도매 및 소매업(45~47)",4406,4158,4097,61,2975,-
"남자","60세 ~","H.운수 및 창고업(49~52)",2445,2313,2123,190,1590,-
"남자","60세 ~","I.숙박 및 음식점업(55~56)",2444,2415,2317,98,342,-
"남자","60세 ~","J.정보통신업(58~63)",4757,4375,4351,23,4590,-
"남자","60세 ~","K.금융 및 보험업(64~66)",5759,4702,4678,24,12684,-
"남자","60세 ~","L.부동산업(68)",2371,2320,2261,58,617,-
"남자","60세 ~","M.전문, 과학 및 기술 서비스업(70~73)",4111,3909,3870,38,2425,-
"남자","60세 ~","N.사업시설 관리, 사업 지원 및 임대 서비스업(74~76)",2820,2724,2574,150,1152,-
"남자","60세 ~","P.교육 서비스업(85)",4503,4114,4053,61,4672,-
"남자","60세 ~","Q.보건업 및 사회복지서비스업(86~87)",3242,3136,3063,73,1269,-
"남자","60세 ~","R 예술, 스포츠 및 여가관련 서비스업(90~91)",2598,2530,2438,92,816,-
"남자","60세 ~","S 협회 및 단체, 수리 및 기타 개인 서비스업(94~96)",3071,2911,2862,49,1915,-
